epoch,split,class_id,class_name,dice,valid,excluded
1,train,0,Unknown,0.654447291861144,0,1
1,train,1,Left-Cerebral-White-Matter,0.010589325305931957,1,0
1,train,2,Left-Cerebral-Cortex,0.0,1,0
1,train,3,Left-Lateral-Ventricle,0.0,1,0
1,train,4,Left-Inf-Lat-Vent,0.0,1,0
1,train,5,Left-Cerebellum-White-Matter,0.00019280875007407402,1,0
1,train,6,Left-Cerebellum-Cortex,0.0006855341053214828,1,0
1,train,7,Left-Thalamus,0.0,1,0
1,train,8,Left-Caudate,0.0007561417225618851,1,0
1,train,9,Left-Putamen,0.0,1,0
1,train,10,Left-Pallidum,0.0012403737644303945,1,0
1,train,11,3rd-Ventricle,0.0,1,0
1,train,12,4th-Ventricle,0.0,1,0
1,train,13,Brain-Stem,0.0,1,0
1,train,14,Left-Hippocampus,0.0015357601188766066,1,0
1,train,15,Left-Amygdala,0.0,1,0
1,train,16,CSF,0.0,1,0
1,train,17,Left-Accumbens-area,0.0,1,0
1,train,18,Left-VentralDC,0.0,1,0
1,train,19,Right-Cerebral-White-Matter,0.0,1,0
1,train,20,Right-Cerebral-Cortex,0.0,1,0
1,train,21,Right-Lateral-Ventricle,0.0,1,0
1,train,22,Right-Inf-Lat-Vent,0.0006812193405925383,1,0
1,train,23,Right-Cerebellum-White-Matter,0.0,1,0
1,train,24,Right-Cerebellum-Cortex,0.0,1,0
1,train,25,Right-Thalamus,0.0011287641763316095,1,0
1,train,26,Right-Caudate,0.0,1,0
1,train,27,Right-Putamen,6.258283844449778e-05,1,0
1,train,28,Right-Pallidum,0.0003125872174138287,1,0
1,train,29,Right-Hippocampus,0.0,1,0
1,train,30,Right-Amygdala,0.0,1,0
1,train,31,Right-Accumbens-area,0.0,1,0
1,train,32,Right-VentralDC,0.0,1,0
1,train,33,Non-Brain-1,0.028222891982558805,1,0
1,train,34,Non-Brain-2,0.0,1,0
1,train,35,Non-Brain-3,0.0,1,0
1,train,36,Non-Brain-4,0.0,1,0
1,train,37,Non-Brain-5,0.00025367385210090903,1,0
1,train,38,Non-Brain-6,0.00015007764533943972,1,0
1,eval,0,Unknown,0.7601640088438338,0,1
1,eval,1,Left-Cerebral-White-Matter,0.0,1,0
1,eval,2,Left-Cerebral-Cortex,0.0,1,0
1,eval,3,Left-Lateral-Ventricle,0.0,1,0
1,eval,4,Left-Inf-Lat-Vent,0.0,1,0
1,eval,5,Left-Cerebellum-White-Matter,0.0,1,0
1,eval,6,Left-Cerebellum-Cortex,0.0,1,0
1,eval,7,Left-Thalamus,0.0,1,0
1,eval,8,Left-Caudate,0.0,1,0
1,eval,9,Left-Putamen,0.0,1,0
1,eval,10,Left-Pallidum,0.0,1,0
1,eval,11,3rd-Ventricle,0.0,1,0
1,eval,12,4th-Ventricle,0.0,1,0
1,eval,13,Brain-Stem,0.0,1,0
1,eval,14,Left-Hippocampus,0.0,1,0
1,eval,15,Left-Amygdala,0.0,1,0
1,eval,16,CSF,0.0,1,0
1,eval,17,Left-Accumbens-area,0.0,1,0
1,eval,18,Left-VentralDC,0.0,1,0
1,eval,19,Right-Cerebral-White-Matter,0.0,1,0
1,eval,20,Right-Cerebral-Cortex,0.0,1,0
1,eval,21,Right-Lateral-Ventricle,0.0,1,0
1,eval,22,Right-Inf-Lat-Vent,0.0,1,0
1,eval,23,Right-Cerebellum-White-Matter,0.0,1,0
1,eval,24,Right-Cerebellum-Cortex,0.0,1,0
1,eval,25,Right-Thalamus,0.0,1,0
1,eval,26,Right-Caudate,0.0,1,0
1,eval,27,Right-Putamen,0.0,1,0
1,eval,28,Right-Pallidum,0.0,1,0
1,eval,29,Right-Hippocampus,0.0,1,0
1,eval,30,Right-Amygdala,0.0,1,0
1,eval,31,Right-Accumbens-area,0.0,1,0
1,eval,32,Right-VentralDC,0.0,1,0
1,eval,33,Non-Brain-1,0.0,1,0
1,eval,34,Non-Brain-2,0.0,1,0
1,eval,35,Non-Brain-3,0.0,1,0
1,eval,36,Non-Brain-4,0.0,1,0
1,eval,37,Non-Brain-5,0.0,1,0
1,eval,38,Non-Brain-6,0.0,1,0
2,train,0,Unknown,0.7398653466937611,0,1
2,train,1,Left-Cerebral-White-Matter,0.0,1,0
2,train,2,Left-Cerebral-Cortex,0.0,1,0
2,train,3,Left-Lateral-Ventricle,0.0,1,0
2,train,4,Left-Inf-Lat-Vent,0.0,1,0
2,train,5,Left-Cerebellum-White-Matter,0.0,1,0
2,train,6,Left-Cerebellum-Cortex,0.0,1,0
2,train,7,Left-Thalamus,0.0,1,0
2,train,8,Left-Caudate,0.0,1,0
2,train,9,Left-Putamen,0.0,1,0
2,train,10,Left-Pallidum,0.0,1,0
2,train,11,3rd-Ventricle,0.0,1,0
2,train,12,4th-Ventricle,0.0,1,0
2,train,13,Brain-Stem,0.0,1,0
2,train,14,Left-Hippocampus,0.0,1,0
2,train,15,Left-Amygdala,0.0,1,0
2,train,16,CSF,0.0,1,0
2,train,17,Left-Accumbens-area,0.0,1,0
2,train,18,Left-VentralDC,0.0,1,0
2,train,19,Right-Cerebral-White-Matter,0.0,1,0
2,train,20,Right-Cerebral-Cortex,0.0,1,0
2,train,21,Right-Lateral-Ventricle,0.0,1,0
2,train,22,Right-Inf-Lat-Vent,0.0,1,0
2,train,23,Right-Cerebellum-White-Matter,0.0,1,0
2,train,24,Right-Cerebellum-Cortex,0.0,1,0
2,train,25,Right-Thalamus,0.0,1,0
2,train,26,Right-Caudate,0.0,1,0
2,train,27,Right-Putamen,0.0,1,0
2,train,28,Right-Pallidum,0.0,1,0
2,train,29,Right-Hippocampus,0.0,1,0
2,train,30,Right-Amygdala,0.0,1,0
2,train,31,Right-Accumbens-area,0.0,1,0
2,train,32,Right-VentralDC,0.0,1,0
2,train,33,Non-Brain-1,9.424302058179314e-07,1,0
2,train,34,Non-Brain-2,0.0,1,0
2,train,35,Non-Brain-3,0.0,1,0
2,train,36,Non-Brain-4,1.1389719404770714e-05,1,0
2,train,37,Non-Brain-5,0.0,1,0
2,train,38,Non-Brain-6,0.0,1,0
2,eval,0,Unknown,0.7685607975528284,0,1
2,eval,1,Left-Cerebral-White-Matter,0.0,1,0
2,eval,2,Left-Cerebral-Cortex,0.0,1,0
2,eval,3,Left-Lateral-Ventricle,0.0,1,0
2,eval,4,Left-Inf-Lat-Vent,0.0,1,0
2,eval,5,Left-Cerebellum-White-Matter,0.0,1,0
2,eval,6,Left-Cerebellum-Cortex,0.0,1,0
2,eval,7,Left-Thalamus,0.0,1,0
2,eval,8,Left-Caudate,0.0,1,0
2,eval,9,Left-Putamen,0.0,1,0
2,eval,10,Left-Pallidum,0.0,1,0
2,eval,11,3rd-Ventricle,0.0,1,0
2,eval,12,4th-Ventricle,0.0,1,0
2,eval,13,Brain-Stem,0.0,1,0
2,eval,14,Left-Hippocampus,0.0,1,0
2,eval,15,Left-Amygdala,0.0,1,0
2,eval,16,CSF,0.0,1,0
2,eval,17,Left-Accumbens-area,0.0,1,0
2,eval,18,Left-VentralDC,0.0,1,0
2,eval,19,Right-Cerebral-White-Matter,0.0,1,0
2,eval,20,Right-Cerebral-Cortex,0.0,1,0
2,eval,21,Right-Lateral-Ventricle,0.0,1,0
2,eval,22,Right-Inf-Lat-Vent,0.0,1,0
2,eval,23,Right-Cerebellum-White-Matter,0.0,1,0
2,eval,24,Right-Cerebellum-Cortex,0.0,1,0
2,eval,25,Right-Thalamus,0.0,1,0
2,eval,26,Right-Caudate,0.0,1,0
2,eval,27,Right-Putamen,0.0,1,0
2,eval,28,Right-Pallidum,0.0,1,0
2,eval,29,Right-Hippocampus,0.0,1,0
2,eval,30,Right-Amygdala,0.0,1,0
2,eval,31,Right-Accumbens-area,0.0,1,0
2,eval,32,Right-VentralDC,0.0,1,0
2,eval,33,Non-Brain-1,3.703292226786187e-05,1,0
2,eval,34,Non-Brain-2,0.0,1,0
2,eval,35,Non-Brain-3,3.033083356711051e-06,1,0
2,eval,36,Non-Brain-4,0.00038379240067882263,1,0
2,eval,37,Non-Brain-5,0.0,1,0
2,eval,38,Non-Brain-6,0.0,1,0
3,train,0,Unknown,0.7895986332988815,0,1
3,train,1,Left-Cerebral-White-Matter,9.567331892064536e-06,1,0
3,train,2,Left-Cerebral-Cortex,0.0,1,0
3,train,3,Left-Lateral-Ventricle,0.0,1,0
3,train,4,Left-Inf-Lat-Vent,0.0,1,0
3,train,5,Left-Cerebellum-White-Matter,0.0,1,0
3,train,6,Left-Cerebellum-Cortex,0.0,1,0
3,train,7,Left-Thalamus,0.0,1,0
3,train,8,Left-Caudate,0.0,1,0
3,train,9,Left-Putamen,0.0,1,0
3,train,10,Left-Pallidum,0.0,1,0
3,train,11,3rd-Ventricle,0.0,1,0
3,train,12,4th-Ventricle,0.0,1,0
3,train,13,Brain-Stem,0.0,1,0
3,train,14,Left-Hippocampus,0.0,1,0
3,train,15,Left-Amygdala,0.0,1,0
3,train,16,CSF,0.003930735945601321,1,0
3,train,17,Left-Accumbens-area,0.0,1,0
3,train,18,Left-VentralDC,0.0,1,0
3,train,19,Right-Cerebral-White-Matter,0.0,1,0
3,train,20,Right-Cerebral-Cortex,0.00013784353698216564,1,0
3,train,21,Right-Lateral-Ventricle,0.0,1,0
3,train,22,Right-Inf-Lat-Vent,0.0,1,0
3,train,23,Right-Cerebellum-White-Matter,0.0,1,0
3,train,24,Right-Cerebellum-Cortex,0.0,1,0
3,train,25,Right-Thalamus,0.0,1,0
3,train,26,Right-Caudate,0.0,1,0
3,train,27,Right-Putamen,0.0,1,0
3,train,28,Right-Pallidum,0.0,1,0
3,train,29,Right-Hippocampus,0.0,1,0
3,train,30,Right-Amygdala,0.0,1,0
3,train,31,Right-Accumbens-area,0.0,1,0
3,train,32,Right-VentralDC,0.0,1,0
3,train,33,Non-Brain-1,3.570369176457009e-05,1,0
3,train,34,Non-Brain-2,0.05107482140063753,1,0
3,train,35,Non-Brain-3,0.028555780953918787,1,0
3,train,36,Non-Brain-4,0.13674930089432003,1,0
3,train,37,Non-Brain-5,0.0,1,0
3,train,38,Non-Brain-6,0.0,1,0
3,eval,0,Unknown,0.940925944905819,0,1
3,eval,1,Left-Cerebral-White-Matter,2.1630585648067434e-05,1,0
3,eval,2,Left-Cerebral-Cortex,0.0,1,0
3,eval,3,Left-Lateral-Ventricle,0.0,1,0
3,eval,4,Left-Inf-Lat-Vent,0.0,1,0
3,eval,5,Left-Cerebellum-White-Matter,0.0,1,0
3,eval,6,Left-Cerebellum-Cortex,0.0,1,0
3,eval,7,Left-Thalamus,0.0,1,0
3,eval,8,Left-Caudate,0.0,1,0
3,eval,9,Left-Putamen,0.0,1,0
3,eval,10,Left-Pallidum,0.0,1,0
3,eval,11,3rd-Ventricle,0.0,1,0
3,eval,12,4th-Ventricle,0.0,1,0
3,eval,13,Brain-Stem,0.0,1,0
3,eval,14,Left-Hippocampus,0.0,1,0
3,eval,15,Left-Amygdala,0.0,1,0
3,eval,16,CSF,0.04112902634666698,1,0
3,eval,17,Left-Accumbens-area,0.0,1,0
3,eval,18,Left-VentralDC,0.0,1,0
3,eval,19,Right-Cerebral-White-Matter,0.0,1,0
3,eval,20,Right-Cerebral-Cortex,0.0006394005619715532,1,0
3,eval,21,Right-Lateral-Ventricle,0.0,1,0
3,eval,22,Right-Inf-Lat-Vent,0.0,1,0
3,eval,23,Right-Cerebellum-White-Matter,0.0,1,0
3,eval,24,Right-Cerebellum-Cortex,0.0,1,0
3,eval,25,Right-Thalamus,0.0,1,0
3,eval,26,Right-Caudate,0.0,1,0
3,eval,27,Right-Putamen,0.0,1,0
3,eval,28,Right-Pallidum,0.0,1,0
3,eval,29,Right-Hippocampus,0.0,1,0
3,eval,30,Right-Amygdala,0.0,1,0
3,eval,31,Right-Accumbens-area,0.0,1,0
3,eval,32,Right-VentralDC,0.0,1,0
3,eval,33,Non-Brain-1,0.0,1,0
3,eval,34,Non-Brain-2,0.26662884861380876,1,0
3,eval,35,Non-Brain-3,0.19420446922948564,1,0
3,eval,36,Non-Brain-4,0.19172814548923725,1,0
3,eval,37,Non-Brain-5,0.0,1,0
3,eval,38,Non-Brain-6,0.0,1,0
4,train,0,Unknown,0.938551086941562,0,1
4,train,1,Left-Cerebral-White-Matter,0.3010849339737762,1,0
4,train,2,Left-Cerebral-Cortex,0.0001994208093438628,1,0
4,train,3,Left-Lateral-Ventricle,0.0,1,0
4,train,4,Left-Inf-Lat-Vent,0.0,1,0
4,train,5,Left-Cerebellum-White-Matter,0.0,1,0
4,train,6,Left-Cerebellum-Cortex,0.0,1,0
4,train,7,Left-Thalamus,0.0,1,0
4,train,8,Left-Caudate,0.0,1,0
4,train,9,Left-Putamen,0.0,1,0
4,train,10,Left-Pallidum,0.0,1,0
4,train,11,3rd-Ventricle,0.0,1,0
4,train,12,4th-Ventricle,0.0,1,0
4,train,13,Brain-Stem,0.0,1,0
4,train,14,Left-Hippocampus,0.0,1,0
4,train,15,Left-Amygdala,0.0,1,0
4,train,16,CSF,0.185929303191829,1,0
4,train,17,Left-Accumbens-area,0.0,1,0
4,train,18,Left-VentralDC,0.0,1,0
4,train,19,Right-Cerebral-White-Matter,0.23225876150379504,1,0
4,train,20,Right-Cerebral-Cortex,0.0361885973997259,1,0
4,train,21,Right-Lateral-Ventricle,0.0,1,0
4,train,22,Right-Inf-Lat-Vent,0.0,1,0
4,train,23,Right-Cerebellum-White-Matter,0.0,1,0
4,train,24,Right-Cerebellum-Cortex,0.0,1,0
4,train,25,Right-Thalamus,0.0,1,0
4,train,26,Right-Caudate,0.0,1,0
4,train,27,Right-Putamen,0.0,1,0
4,train,28,Right-Pallidum,0.0,1,0
4,train,29,Right-Hippocampus,0.0,1,0
4,train,30,Right-Amygdala,0.0,1,0
4,train,31,Right-Accumbens-area,0.0,1,0
4,train,32,Right-VentralDC,0.0,1,0
4,train,33,Non-Brain-1,0.0012290339176900863,1,0
4,train,34,Non-Brain-2,0.3943353818114489,1,0
4,train,35,Non-Brain-3,0.2592961149687371,1,0
4,train,36,Non-Brain-4,0.3190464563844754,1,0
4,train,37,Non-Brain-5,4.997151935718324e-07,1,0
4,train,38,Non-Brain-6,0.0,1,0
4,eval,0,Unknown,0.9659119742508215,0,1
4,eval,1,Left-Cerebral-White-Matter,0.47404904493735545,1,0
4,eval,2,Left-Cerebral-Cortex,0.002126939859188485,1,0
4,eval,3,Left-Lateral-Ventricle,0.0,1,0
4,eval,4,Left-Inf-Lat-Vent,0.0,1,0
4,eval,5,Left-Cerebellum-White-Matter,0.0,1,0
4,eval,6,Left-Cerebellum-Cortex,0.0,1,0
4,eval,7,Left-Thalamus,0.0,1,0
4,eval,8,Left-Caudate,0.0,1,0
4,eval,9,Left-Putamen,0.0,1,0
4,eval,10,Left-Pallidum,0.0,1,0
4,eval,11,3rd-Ventricle,0.0,1,0
4,eval,12,4th-Ventricle,0.0,1,0
4,eval,13,Brain-Stem,0.0,1,0
4,eval,14,Left-Hippocampus,0.0,1,0
4,eval,15,Left-Amygdala,0.0,1,0
4,eval,16,CSF,0.24803442936673176,1,0
4,eval,17,Left-Accumbens-area,0.0,1,0
4,eval,18,Left-VentralDC,0.0,1,0
4,eval,19,Right-Cerebral-White-Matter,0.503577931656632,1,0
4,eval,20,Right-Cerebral-Cortex,0.1268270704743179,1,0
4,eval,21,Right-Lateral-Ventricle,0.0,1,0
4,eval,22,Right-Inf-Lat-Vent,0.0,1,0
4,eval,23,Right-Cerebellum-White-Matter,0.0,1,0
4,eval,24,Right-Cerebellum-Cortex,0.0,1,0
4,eval,25,Right-Thalamus,0.0,1,0
4,eval,26,Right-Caudate,0.0,1,0
4,eval,27,Right-Putamen,0.0,1,0
4,eval,28,Right-Pallidum,0.0,1,0
4,eval,29,Right-Hippocampus,0.0,1,0
4,eval,30,Right-Amygdala,0.0,1,0
4,eval,31,Right-Accumbens-area,0.0,1,0
4,eval,32,Right-VentralDC,0.0,1,0
4,eval,33,Non-Brain-1,0.004663765635316576,1,0
4,eval,34,Non-Brain-2,0.33903734149541304,1,0
4,eval,35,Non-Brain-3,0.0646400328505965,1,0
4,eval,36,Non-Brain-4,0.3257232395545017,1,0
4,eval,37,Non-Brain-5,0.0,1,0
4,eval,38,Non-Brain-6,0.0,1,0
5,train,0,Unknown,0.9513193465643509,0,1
5,train,1,Left-Cerebral-White-Matter,0.5414450436760538,1,0
5,train,2,Left-Cerebral-Cortex,0.2039508300666536,1,0
5,train,3,Left-Lateral-Ventricle,0.0,1,0
5,train,4,Left-Inf-Lat-Vent,0.0,1,0
5,train,5,Left-Cerebellum-White-Matter,0.0,1,0
5,train,6,Left-Cerebellum-Cortex,0.0,1,0
5,train,7,Left-Thalamus,0.0,1,0
5,train,8,Left-Caudate,0.0,1,0
5,train,9,Left-Putamen,0.0,1,0
5,train,10,Left-Pallidum,0.0,1,0
5,train,11,3rd-Ventricle,0.0,1,0
5,train,12,4th-Ventricle,0.0,1,0
5,train,13,Brain-Stem,0.0,1,0
5,train,14,Left-Hippocampus,0.0,1,0
5,train,15,Left-Amygdala,0.0,1,0
5,train,16,CSF,0.23268985789823873,1,0
5,train,17,Left-Accumbens-area,0.0,1,0
5,train,18,Left-VentralDC,0.0,1,0
5,train,19,Right-Cerebral-White-Matter,0.5776006992061782,1,0
5,train,20,Right-Cerebral-Cortex,0.2227115632007467,1,0
5,train,21,Right-Lateral-Ventricle,0.0,1,0
5,train,22,Right-Inf-Lat-Vent,0.0,1,0
5,train,23,Right-Cerebellum-White-Matter,0.0,1,0
5,train,24,Right-Cerebellum-Cortex,0.0,1,0
5,train,25,Right-Thalamus,0.0,1,0
5,train,26,Right-Caudate,0.0,1,0
5,train,27,Right-Putamen,0.0,1,0
5,train,28,Right-Pallidum,0.0,1,0
5,train,29,Right-Hippocampus,0.0,1,0
5,train,30,Right-Amygdala,0.0,1,0
5,train,31,Right-Accumbens-area,0.0,1,0
5,train,32,Right-VentralDC,0.0,1,0
5,train,33,Non-Brain-1,0.11719096211349224,1,0
5,train,34,Non-Brain-2,0.496539162938522,1,0
5,train,35,Non-Brain-3,0.313912472790253,1,0
5,train,36,Non-Brain-4,0.4450451358048097,1,0
5,train,37,Non-Brain-5,0.005646506536129371,1,0
5,train,38,Non-Brain-6,0.0,1,0
5,eval,0,Unknown,0.9693336620769551,0,1
5,eval,1,Left-Cerebral-White-Matter,0.5926912895479464,1,0
5,eval,2,Left-Cerebral-Cortex,0.34393061766086935,1,0
5,eval,3,Left-Lateral-Ventricle,0.0,1,0
5,eval,4,Left-Inf-Lat-Vent,0.0,1,0
5,eval,5,Left-Cerebellum-White-Matter,0.0,1,0
5,eval,6,Left-Cerebellum-Cortex,2.6201674286643677e-05,1,0
5,eval,7,Left-Thalamus,0.0,1,0
5,eval,8,Left-Caudate,0.0,1,0
5,eval,9,Left-Putamen,0.0,1,0
5,eval,10,Left-Pallidum,0.0,1,0
5,eval,11,3rd-Ventricle,0.0,1,0
5,eval,12,4th-Ventricle,0.0,1,0
5,eval,13,Brain-Stem,0.0,1,0
5,eval,14,Left-Hippocampus,0.0,1,0
5,eval,15,Left-Amygdala,0.0,1,0
5,eval,16,CSF,0.2728929673951528,1,0
5,eval,17,Left-Accumbens-area,0.0,1,0
5,eval,18,Left-VentralDC,0.0,1,0
5,eval,19,Right-Cerebral-White-Matter,0.6373953220785378,1,0
5,eval,20,Right-Cerebral-Cortex,0.36176445499930215,1,0
5,eval,21,Right-Lateral-Ventricle,0.0,1,0
5,eval,22,Right-Inf-Lat-Vent,0.0,1,0
5,eval,23,Right-Cerebellum-White-Matter,0.0,1,0
5,eval,24,Right-Cerebellum-Cortex,0.0,1,0
5,eval,25,Right-Thalamus,0.0,1,0
5,eval,26,Right-Caudate,0.0,1,0
5,eval,27,Right-Putamen,0.0,1,0
5,eval,28,Right-Pallidum,0.0,1,0
5,eval,29,Right-Hippocampus,0.0,1,0
5,eval,30,Right-Amygdala,0.0,1,0
5,eval,31,Right-Accumbens-area,0.0,1,0
5,eval,32,Right-VentralDC,0.0,1,0
5,eval,33,Non-Brain-1,0.2100162432943018,1,0
5,eval,34,Non-Brain-2,0.3456517058953732,1,0
5,eval,35,Non-Brain-3,0.3984519241951272,1,0
5,eval,36,Non-Brain-4,0.3749709286937501,1,0
5,eval,37,Non-Brain-5,0.14037997710438033,1,0
5,eval,38,Non-Brain-6,0.0,1,0
6,train,0,Unknown,0.9592435211823193,0,1
6,train,1,Left-Cerebral-White-Matter,0.604404519474169,1,0
6,train,2,Left-Cerebral-Cortex,0.3872499383241887,1,0
6,train,3,Left-Lateral-Ventricle,0.0,1,0
6,train,4,Left-Inf-Lat-Vent,0.0,1,0
6,train,5,Left-Cerebellum-White-Matter,0.0,1,0
6,train,6,Left-Cerebellum-Cortex,0.03225491912362808,1,0
6,train,7,Left-Thalamus,0.0,1,0
6,train,8,Left-Caudate,0.0,1,0
6,train,9,Left-Putamen,0.0,1,0
6,train,10,Left-Pallidum,0.0,1,0
6,train,11,3rd-Ventricle,0.0,1,0
6,train,12,4th-Ventricle,0.0,1,0
6,train,13,Brain-Stem,0.0,1,0
6,train,14,Left-Hippocampus,0.0,1,0
6,train,15,Left-Amygdala,0.0,1,0
6,train,16,CSF,0.35876615254243666,1,0
6,train,17,Left-Accumbens-area,0.0,1,0
6,train,18,Left-VentralDC,0.0,1,0
6,train,19,Right-Cerebral-White-Matter,0.6715278537318307,1,0
6,train,20,Right-Cerebral-Cortex,0.4186507945860046,1,0
6,train,21,Right-Lateral-Ventricle,0.0,1,0
6,train,22,Right-Inf-Lat-Vent,0.0,1,0
6,train,23,Right-Cerebellum-White-Matter,0.0,1,0
6,train,24,Right-Cerebellum-Cortex,0.0,1,0
6,train,25,Right-Thalamus,0.0,1,0
6,train,26,Right-Caudate,0.0,1,0
6,train,27,Right-Putamen,0.0,1,0
6,train,28,Right-Pallidum,0.0,1,0
6,train,29,Right-Hippocampus,0.0,1,0
6,train,30,Right-Amygdala,0.0,1,0
6,train,31,Right-Accumbens-area,0.0,1,0
6,train,32,Right-VentralDC,0.0,1,0
6,train,33,Non-Brain-1,0.3465735350899042,1,0
6,train,34,Non-Brain-2,0.5454941590760923,1,0
6,train,35,Non-Brain-3,0.4560172421959056,1,0
6,train,36,Non-Brain-4,0.5147391326457872,1,0
6,train,37,Non-Brain-5,0.18769332305854583,1,0
6,train,38,Non-Brain-6,0.001039708736241471,1,0
6,eval,0,Unknown,0.970713574244616,0,1
6,eval,1,Left-Cerebral-White-Matter,0.6512719425459298,1,0
6,eval,2,Left-Cerebral-Cortex,0.3857006182277954,1,0
6,eval,3,Left-Lateral-Ventricle,0.0,1,0
6,eval,4,Left-Inf-Lat-Vent,0.0,1,0
6,eval,5,Left-Cerebellum-White-Matter,0.0,1,0
6,eval,6,Left-Cerebellum-Cortex,0.16890165067974908,1,0
6,eval,7,Left-Thalamus,0.0,1,0
6,eval,8,Left-Caudate,0.0,1,0
6,eval,9,Left-Putamen,0.0,1,0
6,eval,10,Left-Pallidum,0.0,1,0
6,eval,11,3rd-Ventricle,0.0,1,0
6,eval,12,4th-Ventricle,0.0,1,0
6,eval,13,Brain-Stem,0.0,1,0
6,eval,14,Left-Hippocampus,0.0,1,0
6,eval,15,Left-Amygdala,0.0,1,0
6,eval,16,CSF,0.43396371179169624,1,0
6,eval,17,Left-Accumbens-area,0.0,1,0
6,eval,18,Left-VentralDC,0.0,1,0
6,eval,19,Right-Cerebral-White-Matter,0.7128599412133334,1,0
6,eval,20,Right-Cerebral-Cortex,0.3949665385748463,1,0
6,eval,21,Right-Lateral-Ventricle,0.0,1,0
6,eval,22,Right-Inf-Lat-Vent,0.0,1,0
6,eval,23,Right-Cerebellum-White-Matter,0.0,1,0
6,eval,24,Right-Cerebellum-Cortex,0.0,1,0
6,eval,25,Right-Thalamus,0.0,1,0
6,eval,26,Right-Caudate,0.0,1,0
6,eval,27,Right-Putamen,0.0009042954030968881,1,0
6,eval,28,Right-Pallidum,0.0,1,0
6,eval,29,Right-Hippocampus,0.0,1,0
6,eval,30,Right-Amygdala,0.0,1,0
6,eval,31,Right-Accumbens-area,0.0,1,0
6,eval,32,Right-VentralDC,0.0,1,0
6,eval,33,Non-Brain-1,0.3402152028546975,1,0
6,eval,34,Non-Brain-2,0.4511751406964293,1,0
6,eval,35,Non-Brain-3,0.4134699895777147,1,0
6,eval,36,Non-Brain-4,0.459341389091123,1,0
6,eval,37,Non-Brain-5,0.20595106317219605,1,0
6,eval,38,Non-Brain-6,0.006286190930884707,1,0
7,train,0,Unknown,0.9645721179172438,0,1
7,train,1,Left-Cerebral-White-Matter,0.6943465772471246,1,0
7,train,2,Left-Cerebral-Cortex,0.5001386876811971,1,0
7,train,3,Left-Lateral-Ventricle,0.0,1,0
7,train,4,Left-Inf-Lat-Vent,0.0,1,0
7,train,5,Left-Cerebellum-White-Matter,0.0,1,0
7,train,6,Left-Cerebellum-Cortex,0.3844525178787508,1,0
7,train,7,Left-Thalamus,0.0,1,0
7,train,8,Left-Caudate,0.0,1,0
7,train,9,Left-Putamen,0.0,1,0
7,train,10,Left-Pallidum,0.0,1,0
7,train,11,3rd-Ventricle,0.0,1,0
7,train,12,4th-Ventricle,0.0,1,0
7,train,13,Brain-Stem,0.0,1,0
7,train,14,Left-Hippocampus,0.0,1,0
7,train,15,Left-Amygdala,0.0,1,0
7,train,16,CSF,0.491084908971648,1,0
7,train,17,Left-Accumbens-area,0.0,1,0
7,train,18,Left-VentralDC,0.0,1,0
7,train,19,Right-Cerebral-White-Matter,0.7222821555715179,1,0
7,train,20,Right-Cerebral-Cortex,0.5176402521609023,1,0
7,train,21,Right-Lateral-Ventricle,0.0,1,0
7,train,22,Right-Inf-Lat-Vent,0.0,1,0
7,train,23,Right-Cerebellum-White-Matter,0.0,1,0
7,train,24,Right-Cerebellum-Cortex,9.064338219460744e-07,1,0
7,train,25,Right-Thalamus,0.0,1,0
7,train,26,Right-Caudate,0.0,1,0
7,train,27,Right-Putamen,0.008750036992806744,1,0
7,train,28,Right-Pallidum,0.0,1,0
7,train,29,Right-Hippocampus,0.0,1,0
7,train,30,Right-Amygdala,0.0,1,0
7,train,31,Right-Accumbens-area,0.0,1,0
7,train,32,Right-VentralDC,0.0,1,0
7,train,33,Non-Brain-1,0.46749617446793396,1,0
7,train,34,Non-Brain-2,0.5807532829412065,1,0
7,train,35,Non-Brain-3,0.5364107085329898,1,0
7,train,36,Non-Brain-4,0.5821144718621,1,0
7,train,37,Non-Brain-5,0.3857473785053724,1,0
7,train,38,Non-Brain-6,0.1286961709566499,1,0
7,eval,0,Unknown,0.9696790320937216,0,1
7,eval,1,Left-Cerebral-White-Matter,0.752067934106123,1,0
7,eval,2,Left-Cerebral-Cortex,0.5034218520003491,1,0
7,eval,3,Left-Lateral-Ventricle,0.0,1,0
7,eval,4,Left-Inf-Lat-Vent,0.0,1,0
7,eval,5,Left-Cerebellum-White-Matter,0.0,1,0
7,eval,6,Left-Cerebellum-Cortex,0.40459206880657594,1,0
7,eval,7,Left-Thalamus,0.0,1,0
7,eval,8,Left-Caudate,0.0,1,0
7,eval,9,Left-Putamen,0.0,1,0
7,eval,10,Left-Pallidum,0.0,1,0
7,eval,11,3rd-Ventricle,0.0,1,0
7,eval,12,4th-Ventricle,0.0,1,0
7,eval,13,Brain-Stem,0.0,1,0
7,eval,14,Left-Hippocampus,0.0,1,0
7,eval,15,Left-Amygdala,0.0,1,0
7,eval,16,CSF,0.4979368974635663,1,0
7,eval,17,Left-Accumbens-area,0.0,1,0
7,eval,18,Left-VentralDC,0.0,1,0
7,eval,19,Right-Cerebral-White-Matter,0.7591611702919077,1,0
7,eval,20,Right-Cerebral-Cortex,0.4689745297293585,1,0
7,eval,21,Right-Lateral-Ventricle,0.0,1,0
7,eval,22,Right-Inf-Lat-Vent,0.0,1,0
7,eval,23,Right-Cerebellum-White-Matter,0.0,1,0
7,eval,24,Right-Cerebellum-Cortex,2.9271434007123624e-05,1,0
7,eval,25,Right-Thalamus,0.0,1,0
7,eval,26,Right-Caudate,0.0,1,0
7,eval,27,Right-Putamen,0.053066800887821466,1,0
7,eval,28,Right-Pallidum,0.0,1,0
7,eval,29,Right-Hippocampus,0.0,1,0
7,eval,30,Right-Amygdala,0.0,1,0
7,eval,31,Right-Accumbens-area,0.0,1,0
7,eval,32,Right-VentralDC,0.0,1,0
7,eval,33,Non-Brain-1,0.44226379517405673,1,0
7,eval,34,Non-Brain-2,0.4669729739678518,1,0
7,eval,35,Non-Brain-3,0.5116198416813924,1,0
7,eval,36,Non-Brain-4,0.476435143174103,1,0
7,eval,37,Non-Brain-5,0.4767379117735305,1,0
7,eval,38,Non-Brain-6,0.1350817583336687,1,0
8,train,0,Unknown,0.968327511952416,0,1
8,train,1,Left-Cerebral-White-Matter,0.7515988145718786,1,0
8,train,2,Left-Cerebral-Cortex,0.560731410550932,1,0
8,train,3,Left-Lateral-Ventricle,0.0,1,0
8,train,4,Left-Inf-Lat-Vent,0.0,1,0
8,train,5,Left-Cerebellum-White-Matter,1.8287754154046635e-06,1,0
8,train,6,Left-Cerebellum-Cortex,0.49316798205447465,1,0
8,train,7,Left-Thalamus,0.0,1,0
8,train,8,Left-Caudate,0.0,1,0
8,train,9,Left-Putamen,0.0,1,0
8,train,10,Left-Pallidum,0.0,1,0
8,train,11,3rd-Ventricle,0.0,1,0
8,train,12,4th-Ventricle,0.0,1,0
8,train,13,Brain-Stem,0.0,1,0
8,train,14,Left-Hippocampus,0.0,1,0
8,train,15,Left-Amygdala,0.0,1,0
8,train,16,CSF,0.537371709973077,1,0
8,train,17,Left-Accumbens-area,0.0,1,0
8,train,18,Left-VentralDC,0.0,1,0
8,train,19,Right-Cerebral-White-Matter,0.7618979492739104,1,0
8,train,20,Right-Cerebral-Cortex,0.5638072579930085,1,0
8,train,21,Right-Lateral-Ventricle,0.0,1,0
8,train,22,Right-Inf-Lat-Vent,0.0,1,0
8,train,23,Right-Cerebellum-White-Matter,0.002061802795228043,1,0
8,train,24,Right-Cerebellum-Cortex,0.01614255496214948,1,0
8,train,25,Right-Thalamus,0.0007247456492254516,1,0
8,train,26,Right-Caudate,0.0,1,0
8,train,27,Right-Putamen,0.08440249266842832,1,0
8,train,28,Right-Pallidum,0.0,1,0
8,train,29,Right-Hippocampus,0.0,1,0
8,train,30,Right-Amygdala,0.0,1,0
8,train,31,Right-Accumbens-area,0.0,1,0
8,train,32,Right-VentralDC,0.0,1,0
8,train,33,Non-Brain-1,0.5507737861915707,1,0
8,train,34,Non-Brain-2,0.6054772597710962,1,0
8,train,35,Non-Brain-3,0.5761607397765586,1,0
8,train,36,Non-Brain-4,0.6145907947649196,1,0
8,train,37,Non-Brain-5,0.45143012074577316,1,0
8,train,38,Non-Brain-6,0.3579123408382038,1,0
8,eval,0,Unknown,0.9706519430340712,0,1
8,eval,1,Left-Cerebral-White-Matter,0.7808047666730007,1,0
8,eval,2,Left-Cerebral-Cortex,0.5321849170981154,1,0
8,eval,3,Left-Lateral-Ventricle,0.0,1,0
8,eval,4,Left-Inf-Lat-Vent,0.0,1,0
8,eval,5,Left-Cerebellum-White-Matter,0.0,1,0
8,eval,6,Left-Cerebellum-Cortex,0.45312874610146514,1,0
8,eval,7,Left-Thalamus,0.0,1,0
8,eval,8,Left-Caudate,0.0,1,0
8,eval,9,Left-Putamen,0.0,1,0
8,eval,10,Left-Pallidum,0.0,1,0
8,eval,11,3rd-Ventricle,0.0,1,0
8,eval,12,4th-Ventricle,0.0,1,0
8,eval,13,Brain-Stem,0.0,1,0
8,eval,14,Left-Hippocampus,0.0,1,0
8,eval,15,Left-Amygdala,0.0,1,0
8,eval,16,CSF,0.5218993679059593,1,0
8,eval,17,Left-Accumbens-area,0.0,1,0
8,eval,18,Left-VentralDC,0.0,1,0
8,eval,19,Right-Cerebral-White-Matter,0.789669999999342,1,0
8,eval,20,Right-Cerebral-Cortex,0.548848780792263,1,0
8,eval,21,Right-Lateral-Ventricle,0.0,1,0
8,eval,22,Right-Inf-Lat-Vent,0.0,1,0
8,eval,23,Right-Cerebellum-White-Matter,0.055139512951263674,1,0
8,eval,24,Right-Cerebellum-Cortex,0.07980330891666493,1,0
8,eval,25,Right-Thalamus,0.0012599748004378426,1,0
8,eval,26,Right-Caudate,0.0,1,0
8,eval,27,Right-Putamen,0.11382543244989929,1,0
8,eval,28,Right-Pallidum,0.0,1,0
8,eval,29,Right-Hippocampus,0.0,1,0
8,eval,30,Right-Amygdala,0.0,1,0
8,eval,31,Right-Accumbens-area,0.0,1,0
8,eval,32,Right-VentralDC,0.0,1,0
8,eval,33,Non-Brain-1,0.5075966206760653,1,0
8,eval,34,Non-Brain-2,0.500823426079619,1,0
8,eval,35,Non-Brain-3,0.5011315505553575,1,0
8,eval,36,Non-Brain-4,0.5046091553502969,1,0
8,eval,37,Non-Brain-5,0.4805034142386211,1,0
8,eval,38,Non-Brain-6,0.3601349231223711,1,0
9,train,0,Unknown,0.9710544467115496,0,1
9,train,1,Left-Cerebral-White-Matter,0.7857951199602055,1,0
9,train,2,Left-Cerebral-Cortex,0.5988521650209864,1,0
9,train,3,Left-Lateral-Ventricle,0.0025554460473483117,1,0
9,train,4,Left-Inf-Lat-Vent,0.0,1,0
9,train,5,Left-Cerebellum-White-Matter,0.0012585260128755238,1,0
9,train,6,Left-Cerebellum-Cortex,0.5381620416660267,1,0
9,train,7,Left-Thalamus,0.0,1,0
9,train,8,Left-Caudate,0.0,1,0
9,train,9,Left-Putamen,0.0,1,0
9,train,10,Left-Pallidum,0.0,1,0
9,train,11,3rd-Ventricle,0.0,1,0
9,train,12,4th-Ventricle,0.0,1,0
9,train,13,Brain-Stem,8.205509726258584e-05,1,0
9,train,14,Left-Hippocampus,0.0,1,0
9,train,15,Left-Amygdala,0.0,1,0
9,train,16,CSF,0.5686050226244057,1,0
9,train,17,Left-Accumbens-area,0.0,1,0
9,train,18,Left-VentralDC,0.0,1,0
9,train,19,Right-Cerebral-White-Matter,0.7955478966527129,1,0
9,train,20,Right-Cerebral-Cortex,0.602979443833533,1,0
9,train,21,Right-Lateral-Ventricle,0.0,1,0
9,train,22,Right-Inf-Lat-Vent,0.0,1,0
9,train,23,Right-Cerebellum-White-Matter,0.06850347738592433,1,0
9,train,24,Right-Cerebellum-Cortex,0.3331506516419414,1,0
9,train,25,Right-Thalamus,0.004229074889860159,1,0
9,train,26,Right-Caudate,0.0,1,0
9,train,27,Right-Putamen,0.053792696595944094,1,0
9,train,28,Right-Pallidum,0.0,1,0
9,train,29,Right-Hippocampus,0.0,1,0
9,train,30,Right-Amygdala,0.0,1,0
9,train,31,Right-Accumbens-area,0.0,1,0
9,train,32,Right-VentralDC,0.0,1,0
9,train,33,Non-Brain-1,0.6093648998774644,1,0
9,train,34,Non-Brain-2,0.625533118490165,1,0
9,train,35,Non-Brain-3,0.6049462552853978,1,0
9,train,36,Non-Brain-4,0.639708011781252,1,0
9,train,37,Non-Brain-5,0.49344680714187134,1,0
9,train,38,Non-Brain-6,0.468514972305477,1,0
9,eval,0,Unknown,0.9705943013346662,0,1
9,eval,1,Left-Cerebral-White-Matter,0.8070612883946571,1,0
9,eval,2,Left-Cerebral-Cortex,0.562283288235199,1,0
9,eval,3,Left-Lateral-Ventricle,0.03173518581726198,1,0
9,eval,4,Left-Inf-Lat-Vent,0.0,1,0
9,eval,5,Left-Cerebellum-White-Matter,0.017540459346410978,1,0
9,eval,6,Left-Cerebellum-Cortex,0.45128282866349295,1,0
9,eval,7,Left-Thalamus,0.0,1,0
9,eval,8,Left-Caudate,0.0,1,0
9,eval,9,Left-Putamen,0.0,1,0
9,eval,10,Left-Pallidum,0.0,1,0
9,eval,11,3rd-Ventricle,0.0,1,0
9,eval,12,4th-Ventricle,0.0,1,0
9,eval,13,Brain-Stem,0.00028803621026050744,1,0
9,eval,14,Left-Hippocampus,0.0,1,0
9,eval,15,Left-Amygdala,0.0,1,0
9,eval,16,CSF,0.5583418704213879,1,0
9,eval,17,Left-Accumbens-area,0.0,1,0
9,eval,18,Left-VentralDC,0.0,1,0
9,eval,19,Right-Cerebral-White-Matter,0.8108902309654469,1,0
9,eval,20,Right-Cerebral-Cortex,0.5740425963361019,1,0
9,eval,21,Right-Lateral-Ventricle,0.0,1,0
9,eval,22,Right-Inf-Lat-Vent,0.0,1,0
9,eval,23,Right-Cerebellum-White-Matter,0.26557014851440847,1,0
9,eval,24,Right-Cerebellum-Cortex,0.5586815382007768,1,0
9,eval,25,Right-Thalamus,0.0018834362246581858,1,0
9,eval,26,Right-Caudate,0.0,1,0
9,eval,27,Right-Putamen,0.040106758995880634,1,0
9,eval,28,Right-Pallidum,0.0,1,0
9,eval,29,Right-Hippocampus,0.0,1,0
9,eval,30,Right-Amygdala,0.0,1,0
9,eval,31,Right-Accumbens-area,0.0,1,0
9,eval,32,Right-VentralDC,0.0,1,0
9,eval,33,Non-Brain-1,0.5480080092433176,1,0
9,eval,34,Non-Brain-2,0.5315019048125,1,0
9,eval,35,Non-Brain-3,0.5264107162215074,1,0
9,eval,36,Non-Brain-4,0.5166064490913165,1,0
9,eval,37,Non-Brain-5,0.5647805589501291,1,0
9,eval,38,Non-Brain-6,0.363656270526139,1,0
10,train,0,Unknown,0.9727070955102064,0,1
10,train,1,Left-Cerebral-White-Matter,0.8096348673546946,1,0
10,train,2,Left-Cerebral-Cortex,0.6311986611047772,1,0
10,train,3,Left-Lateral-Ventricle,0.05787869453266211,1,0
10,train,4,Left-Inf-Lat-Vent,0.0,1,0
10,train,5,Left-Cerebellum-White-Matter,0.040525135726824896,1,0
10,train,6,Left-Cerebellum-Cortex,0.5535398378725694,1,0
10,train,7,Left-Thalamus,0.0,1,0
10,train,8,Left-Caudate,0.0,1,0
10,train,9,Left-Putamen,0.0,1,0
10,train,10,Left-Pallidum,0.0,1,0
10,train,11,3rd-Ventricle,0.0,1,0
10,train,12,4th-Ventricle,0.0,1,0
10,train,13,Brain-Stem,0.010107771967356662,1,0
10,train,14,Left-Hippocampus,0.0,1,0
10,train,15,Left-Amygdala,0.0,1,0
10,train,16,CSF,0.6014061745815781,1,0
10,train,17,Left-Accumbens-area,0.0,1,0
10,train,18,Left-VentralDC,0.0,1,0
10,train,19,Right-Cerebral-White-Matter,0.8123475687511359,1,0
10,train,20,Right-Cerebral-Cortex,0.6327452023872653,1,0
10,train,21,Right-Lateral-Ventricle,0.0,1,0
10,train,22,Right-Inf-Lat-Vent,0.0,1,0
10,train,23,Right-Cerebellum-White-Matter,0.20069930883080833,1,0
10,train,24,Right-Cerebellum-Cortex,0.5951149183849702,1,0
10,train,25,Right-Thalamus,0.0028012633005314726,1,0
10,train,26,Right-Caudate,0.0,1,0
10,train,27,Right-Putamen,0.07417127780065409,1,0
10,train,28,Right-Pallidum,0.0,1,0
10,train,29,Right-Hippocampus,0.0,1,0
10,train,30,Right-Amygdala,0.0,1,0
10,train,31,Right-Accumbens-area,0.0,1,0
10,train,32,Right-VentralDC,0.0,1,0
10,train,33,Non-Brain-1,0.6400470251038258,1,0
10,train,34,Non-Brain-2,0.6457611426249065,1,0
10,train,35,Non-Brain-3,0.6266685463335004,1,0
10,train,36,Non-Brain-4,0.6575464869261731,1,0
10,train,37,Non-Brain-5,0.5214390531017519,1,0
10,train,38,Non-Brain-6,0.5220202001520534,1,0
10,eval,0,Unknown,0.9705043436713802,0,1
10,eval,1,Left-Cerebral-White-Matter,0.8195274559548272,1,0
10,eval,2,Left-Cerebral-Cortex,0.5839015073598167,1,0
10,eval,3,Left-Lateral-Ventricle,0.2239324479276619,1,0
10,eval,4,Left-Inf-Lat-Vent,0.0,1,0
10,eval,5,Left-Cerebellum-White-Matter,0.10483409610734092,1,0
10,eval,6,Left-Cerebellum-Cortex,0.4933506823465567,1,0
10,eval,7,Left-Thalamus,0.0,1,0
10,eval,8,Left-Caudate,0.0,1,0
10,eval,9,Left-Putamen,0.0,1,0
10,eval,10,Left-Pallidum,0.0,1,0
10,eval,11,3rd-Ventricle,0.0,1,0
10,eval,12,4th-Ventricle,0.0,1,0
10,eval,13,Brain-Stem,0.0188071467153757,1,0
10,eval,14,Left-Hippocampus,0.0,1,0
10,eval,15,Left-Amygdala,0.0,1,0
10,eval,16,CSF,0.5773798905438815,1,0
10,eval,17,Left-Accumbens-area,0.0,1,0
10,eval,18,Left-VentralDC,0.0,1,0
10,eval,19,Right-Cerebral-White-Matter,0.8172901760429465,1,0
10,eval,20,Right-Cerebral-Cortex,0.5742081226944902,1,0
10,eval,21,Right-Lateral-Ventricle,0.0,1,0
10,eval,22,Right-Inf-Lat-Vent,0.0,1,0
10,eval,23,Right-Cerebellum-White-Matter,0.3568757789697439,1,0
10,eval,24,Right-Cerebellum-Cortex,0.6277421164104159,1,0
10,eval,25,Right-Thalamus,0.0015710096354434955,1,0
10,eval,26,Right-Caudate,0.0,1,0
10,eval,27,Right-Putamen,0.17249188956525116,1,0
10,eval,28,Right-Pallidum,0.0,1,0
10,eval,29,Right-Hippocampus,0.0,1,0
10,eval,30,Right-Amygdala,0.0,1,0
10,eval,31,Right-Accumbens-area,0.0,1,0
10,eval,32,Right-VentralDC,0.0,1,0
10,eval,33,Non-Brain-1,0.5729782960799656,1,0
10,eval,34,Non-Brain-2,0.5528669222005889,1,0
10,eval,35,Non-Brain-3,0.5261166181285809,1,0
10,eval,36,Non-Brain-4,0.5148229441670413,1,0
10,eval,37,Non-Brain-5,0.5625652803014392,1,0
10,eval,38,Non-Brain-6,0.4469274512202973,1,0
11,train,0,Unknown,0.974195753004367,0,1
11,train,1,Left-Cerebral-White-Matter,0.8248839550405905,1,0
11,train,2,Left-Cerebral-Cortex,0.6521277872355054,1,0
11,train,3,Left-Lateral-Ventricle,0.20406183574576084,1,0
11,train,4,Left-Inf-Lat-Vent,0.0,1,0
11,train,5,Left-Cerebellum-White-Matter,0.2270935570557642,1,0
11,train,6,Left-Cerebellum-Cortex,0.5783879364832352,1,0
11,train,7,Left-Thalamus,0.0,1,0
11,train,8,Left-Caudate,0.0,1,0
11,train,9,Left-Putamen,0.0,1,0
11,train,10,Left-Pallidum,0.0,1,0
11,train,11,3rd-Ventricle,0.0,1,0
11,train,12,4th-Ventricle,0.0,1,0
11,train,13,Brain-Stem,0.07997616424993488,1,0
11,train,14,Left-Hippocampus,0.0,1,0
11,train,15,Left-Amygdala,0.0,1,0
11,train,16,CSF,0.6220332424977596,1,0
11,train,17,Left-Accumbens-area,0.0,1,0
11,train,18,Left-VentralDC,0.0,1,0
11,train,19,Right-Cerebral-White-Matter,0.8216083170731112,1,0
11,train,20,Right-Cerebral-Cortex,0.6518300931406393,1,0
11,train,21,Right-Lateral-Ventricle,0.0,1,0
11,train,22,Right-Inf-Lat-Vent,0.0,1,0
11,train,23,Right-Cerebellum-White-Matter,0.27803000073616546,1,0
11,train,24,Right-Cerebellum-Cortex,0.6709824488044155,1,0
11,train,25,Right-Thalamus,0.003733497485801357,1,0
11,train,26,Right-Caudate,0.0,1,0
11,train,27,Right-Putamen,0.13613361432503618,1,0
11,train,28,Right-Pallidum,0.0,1,0
11,train,29,Right-Hippocampus,0.0,1,0
11,train,30,Right-Amygdala,0.0,1,0
11,train,31,Right-Accumbens-area,0.0,1,0
11,train,32,Right-VentralDC,0.0,1,0
11,train,33,Non-Brain-1,0.6664098499607083,1,0
11,train,34,Non-Brain-2,0.662646147893963,1,0
11,train,35,Non-Brain-3,0.644470285819197,1,0
11,train,36,Non-Brain-4,0.6710437563656457,1,0
11,train,37,Non-Brain-5,0.5388172013033797,1,0
11,train,38,Non-Brain-6,0.559505505192928,1,0
11,eval,0,Unknown,0.9702145791880475,0,1
11,eval,1,Left-Cerebral-White-Matter,0.824155754960473,1,0
11,eval,2,Left-Cerebral-Cortex,0.6035131398220881,1,0
11,eval,3,Left-Lateral-Ventricle,0.352060600589893,1,0
11,eval,4,Left-Inf-Lat-Vent,0.0,1,0
11,eval,5,Left-Cerebellum-White-Matter,0.3511723141088973,1,0
11,eval,6,Left-Cerebellum-Cortex,0.5133223891878534,1,0
11,eval,7,Left-Thalamus,0.0,1,0
11,eval,8,Left-Caudate,0.0,1,0
11,eval,9,Left-Putamen,0.0,1,0
11,eval,10,Left-Pallidum,0.0,1,0
11,eval,11,3rd-Ventricle,0.0,1,0
11,eval,12,4th-Ventricle,0.0,1,0
11,eval,13,Brain-Stem,0.08385309690998788,1,0
11,eval,14,Left-Hippocampus,0.0,1,0
11,eval,15,Left-Amygdala,0.0,1,0
11,eval,16,CSF,0.5898767727215721,1,0
11,eval,17,Left-Accumbens-area,0.0,1,0
11,eval,18,Left-VentralDC,0.0,1,0
11,eval,19,Right-Cerebral-White-Matter,0.8185080189514354,1,0
11,eval,20,Right-Cerebral-Cortex,0.5814211640977368,1,0
11,eval,21,Right-Lateral-Ventricle,0.0,1,0
11,eval,22,Right-Inf-Lat-Vent,0.0,1,0
11,eval,23,Right-Cerebellum-White-Matter,0.3583203152239894,1,0
11,eval,24,Right-Cerebellum-Cortex,0.6760547047647357,1,0
11,eval,25,Right-Thalamus,0.0011511092506722943,1,0
11,eval,26,Right-Caudate,0.0,1,0
11,eval,27,Right-Putamen,0.1655612564031059,1,0
11,eval,28,Right-Pallidum,0.0,1,0
11,eval,29,Right-Hippocampus,0.0,1,0
11,eval,30,Right-Amygdala,0.0,1,0
11,eval,31,Right-Accumbens-area,0.0,1,0
11,eval,32,Right-VentralDC,0.0,1,0
11,eval,33,Non-Brain-1,0.5694774315860329,1,0
11,eval,34,Non-Brain-2,0.5451093840273818,1,0
11,eval,35,Non-Brain-3,0.5328223165742818,1,0
11,eval,36,Non-Brain-4,0.5201345006289518,1,0
11,eval,37,Non-Brain-5,0.5593068858160144,1,0
11,eval,38,Non-Brain-6,0.47923259722668965,1,0
12,train,0,Unknown,0.9750453249764085,0,1
12,train,1,Left-Cerebral-White-Matter,0.8346725814432726,1,0
12,train,2,Left-Cerebral-Cortex,0.6668610113577723,1,0
12,train,3,Left-Lateral-Ventricle,0.3077207250483381,1,0
12,train,4,Left-Inf-Lat-Vent,0.0,1,0
12,train,5,Left-Cerebellum-White-Matter,0.3630367300213431,1,0
12,train,6,Left-Cerebellum-Cortex,0.5963272310223422,1,0
12,train,7,Left-Thalamus,0.0,1,0
12,train,8,Left-Caudate,0.0,1,0
12,train,9,Left-Putamen,0.0,1,0
12,train,10,Left-Pallidum,0.0,1,0
12,train,11,3rd-Ventricle,0.0,1,0
12,train,12,4th-Ventricle,0.0,1,0
12,train,13,Brain-Stem,0.24036146427537708,1,0
12,train,14,Left-Hippocampus,0.0,1,0
12,train,15,Left-Amygdala,0.0,1,0
12,train,16,CSF,0.6360740696794372,1,0
12,train,17,Left-Accumbens-area,0.0,1,0
12,train,18,Left-VentralDC,0.0,1,0
12,train,19,Right-Cerebral-White-Matter,0.8279319924124526,1,0
12,train,20,Right-Cerebral-Cortex,0.664269676564552,1,0
12,train,21,Right-Lateral-Ventricle,0.0,1,0
12,train,22,Right-Inf-Lat-Vent,0.0,1,0
12,train,23,Right-Cerebellum-White-Matter,0.32065276470040033,1,0
12,train,24,Right-Cerebellum-Cortex,0.7052363361953032,1,0
12,train,25,Right-Thalamus,0.005542491831629016,1,0
12,train,26,Right-Caudate,0.0,1,0
12,train,27,Right-Putamen,0.2051701181912674,1,0
12,train,28,Right-Pallidum,0.0,1,0
12,train,29,Right-Hippocampus,0.0,1,0
12,train,30,Right-Amygdala,0.0,1,0
12,train,31,Right-Accumbens-area,0.0,1,0
12,train,32,Right-VentralDC,0.0,1,0
12,train,33,Non-Brain-1,0.6814843751698945,1,0
12,train,34,Non-Brain-2,0.674074436724057,1,0
12,train,35,Non-Brain-3,0.6572562394783342,1,0
12,train,36,Non-Brain-4,0.6805930150441859,1,0
12,train,37,Non-Brain-5,0.5514095785395314,1,0
12,train,38,Non-Brain-6,0.5800295436914,1,0
12,eval,0,Unknown,0.9697717196904613,0,1
12,eval,1,Left-Cerebral-White-Matter,0.8451353144484082,1,0
12,eval,2,Left-Cerebral-Cortex,0.6298545789611565,1,0
12,eval,3,Left-Lateral-Ventricle,0.43245431574229126,1,0
12,eval,4,Left-Inf-Lat-Vent,0.0,1,0
12,eval,5,Left-Cerebellum-White-Matter,0.3726635726567902,1,0
12,eval,6,Left-Cerebellum-Cortex,0.4932304902854279,1,0
12,eval,7,Left-Thalamus,0.0,1,0
12,eval,8,Left-Caudate,0.0,1,0
12,eval,9,Left-Putamen,0.0,1,0
12,eval,10,Left-Pallidum,0.0,1,0
12,eval,11,3rd-Ventricle,0.0,1,0
12,eval,12,4th-Ventricle,0.0,1,0
12,eval,13,Brain-Stem,0.29319721400163473,1,0
12,eval,14,Left-Hippocampus,0.0,1,0
12,eval,15,Left-Amygdala,0.0,1,0
12,eval,16,CSF,0.5977723691560043,1,0
12,eval,17,Left-Accumbens-area,0.0,1,0
12,eval,18,Left-VentralDC,0.0,1,0
12,eval,19,Right-Cerebral-White-Matter,0.8292351336402038,1,0
12,eval,20,Right-Cerebral-Cortex,0.609835660326777,1,0
12,eval,21,Right-Lateral-Ventricle,0.0,1,0
12,eval,22,Right-Inf-Lat-Vent,0.0,1,0
12,eval,23,Right-Cerebellum-White-Matter,0.4037086331655641,1,0
12,eval,24,Right-Cerebellum-Cortex,0.6868838241878317,1,0
12,eval,25,Right-Thalamus,0.0039703270293610735,1,0
12,eval,26,Right-Caudate,0.0,1,0
12,eval,27,Right-Putamen,0.3030467604245345,1,0
12,eval,28,Right-Pallidum,0.0,1,0
12,eval,29,Right-Hippocampus,0.0,1,0
12,eval,30,Right-Amygdala,0.0,1,0
12,eval,31,Right-Accumbens-area,0.0,1,0
12,eval,32,Right-VentralDC,0.0,1,0
12,eval,33,Non-Brain-1,0.5854571758897847,1,0
12,eval,34,Non-Brain-2,0.5693488472903167,1,0
12,eval,35,Non-Brain-3,0.5531458384963827,1,0
12,eval,36,Non-Brain-4,0.5270297501827952,1,0
12,eval,37,Non-Brain-5,0.5692338700641143,1,0
12,eval,38,Non-Brain-6,0.4846660258589826,1,0
13,train,0,Unknown,0.9754483925690277,0,1
13,train,1,Left-Cerebral-White-Matter,0.8414542011574916,1,0
13,train,2,Left-Cerebral-Cortex,0.6789067079573167,1,0
13,train,3,Left-Lateral-Ventricle,0.33617651867242254,1,0
13,train,4,Left-Inf-Lat-Vent,0.0,1,0
13,train,5,Left-Cerebellum-White-Matter,0.43322812948210954,1,0
13,train,6,Left-Cerebellum-Cortex,0.6093488376586202,1,0
13,train,7,Left-Thalamus,0.0,1,0
13,train,8,Left-Caudate,0.0,1,0
13,train,9,Left-Putamen,0.0,1,0
13,train,10,Left-Pallidum,0.0,1,0
13,train,11,3rd-Ventricle,0.0,1,0
13,train,12,4th-Ventricle,0.0,1,0
13,train,13,Brain-Stem,0.40788610947085285,1,0
13,train,14,Left-Hippocampus,0.0,1,0
13,train,15,Left-Amygdala,0.0,1,0
13,train,16,CSF,0.6459483649768157,1,0
13,train,17,Left-Accumbens-area,0.0,1,0
13,train,18,Left-VentralDC,0.0,1,0
13,train,19,Right-Cerebral-White-Matter,0.8321230570871618,1,0
13,train,20,Right-Cerebral-Cortex,0.6726021301941136,1,0
13,train,21,Right-Lateral-Ventricle,0.0,1,0
13,train,22,Right-Inf-Lat-Vent,0.0,1,0
13,train,23,Right-Cerebellum-White-Matter,0.37513607363792606,1,0
13,train,24,Right-Cerebellum-Cortex,0.7253067830695685,1,0
13,train,25,Right-Thalamus,0.009066245406762692,1,0
13,train,26,Right-Caudate,0.0,1,0
13,train,27,Right-Putamen,0.2632603444058907,1,0
13,train,28,Right-Pallidum,0.0,1,0
13,train,29,Right-Hippocampus,0.0,1,0
13,train,30,Right-Amygdala,0.0,1,0
13,train,31,Right-Accumbens-area,0.0,1,0
13,train,32,Right-VentralDC,0.0,1,0
13,train,33,Non-Brain-1,0.6904837158746816,1,0
13,train,34,Non-Brain-2,0.6813731508028316,1,0
13,train,35,Non-Brain-3,0.6660141326628624,1,0
13,train,36,Non-Brain-4,0.6871479374667299,1,0
13,train,37,Non-Brain-5,0.5608685433952043,1,0
13,train,38,Non-Brain-6,0.5964512372845135,1,0
13,eval,0,Unknown,0.9703617920882199,0,1
13,eval,1,Left-Cerebral-White-Matter,0.8457430747855399,1,0
13,eval,2,Left-Cerebral-Cortex,0.6431258912775732,1,0
13,eval,3,Left-Lateral-Ventricle,0.4620017906983477,1,0
13,eval,4,Left-Inf-Lat-Vent,0.0,1,0
13,eval,5,Left-Cerebellum-White-Matter,0.34129578095472246,1,0
13,eval,6,Left-Cerebellum-Cortex,0.5222232180014538,1,0
13,eval,7,Left-Thalamus,0.0,1,0
13,eval,8,Left-Caudate,0.0,1,0
13,eval,9,Left-Putamen,0.0,1,0
13,eval,10,Left-Pallidum,0.0,1,0
13,eval,11,3rd-Ventricle,0.0,1,0
13,eval,12,4th-Ventricle,0.0,1,0
13,eval,13,Brain-Stem,0.3843143135580069,1,0
13,eval,14,Left-Hippocampus,0.0,1,0
13,eval,15,Left-Amygdala,0.0,1,0
13,eval,16,CSF,0.6035021764497692,1,0
13,eval,17,Left-Accumbens-area,0.0,1,0
13,eval,18,Left-VentralDC,0.0,1,0
13,eval,19,Right-Cerebral-White-Matter,0.8301736108251402,1,0
13,eval,20,Right-Cerebral-Cortex,0.6173181997401644,1,0
13,eval,21,Right-Lateral-Ventricle,0.0,1,0
13,eval,22,Right-Inf-Lat-Vent,0.0,1,0
13,eval,23,Right-Cerebellum-White-Matter,0.27428229962218253,1,0
13,eval,24,Right-Cerebellum-Cortex,0.6809326396745723,1,0
13,eval,25,Right-Thalamus,0.004381389526164126,1,0
13,eval,26,Right-Caudate,0.0,1,0
13,eval,27,Right-Putamen,0.32061229874264385,1,0
13,eval,28,Right-Pallidum,0.0,1,0
13,eval,29,Right-Hippocampus,0.0,1,0
13,eval,30,Right-Amygdala,0.0,1,0
13,eval,31,Right-Accumbens-area,0.0,1,0
13,eval,32,Right-VentralDC,0.0,1,0
13,eval,33,Non-Brain-1,0.5831354513362423,1,0
13,eval,34,Non-Brain-2,0.5615746892928656,1,0
13,eval,35,Non-Brain-3,0.5650142304912686,1,0
13,eval,36,Non-Brain-4,0.5119351470960407,1,0
13,eval,37,Non-Brain-5,0.607792972633381,1,0
13,eval,38,Non-Brain-6,0.48265473858996377,1,0
14,train,0,Unknown,0.9757787545904033,0,1
14,train,1,Left-Cerebral-White-Matter,0.8452511002861443,1,0
14,train,2,Left-Cerebral-Cortex,0.6870130658212641,1,0
14,train,3,Left-Lateral-Ventricle,0.35161339935019975,1,0
14,train,4,Left-Inf-Lat-Vent,0.0,1,0
14,train,5,Left-Cerebellum-White-Matter,0.45931338432247065,1,0
14,train,6,Left-Cerebellum-Cortex,0.6194441686529834,1,0
14,train,7,Left-Thalamus,0.0,1,0
14,train,8,Left-Caudate,0.0,1,0
14,train,9,Left-Putamen,0.0,1,0
14,train,10,Left-Pallidum,0.0,1,0
14,train,11,3rd-Ventricle,0.0,1,0
14,train,12,4th-Ventricle,0.0,1,0
14,train,13,Brain-Stem,0.49299656513836104,1,0
14,train,14,Left-Hippocampus,0.0,1,0
14,train,15,Left-Amygdala,0.0,1,0
14,train,16,CSF,0.6537348196991106,1,0
14,train,17,Left-Accumbens-area,0.0,1,0
14,train,18,Left-VentralDC,0.0,1,0
14,train,19,Right-Cerebral-White-Matter,0.8350599449335208,1,0
14,train,20,Right-Cerebral-Cortex,0.6784893205661319,1,0
14,train,21,Right-Lateral-Ventricle,0.0,1,0
14,train,22,Right-Inf-Lat-Vent,0.0,1,0
14,train,23,Right-Cerebellum-White-Matter,0.42545255142481414,1,0
14,train,24,Right-Cerebellum-Cortex,0.7395938894803032,1,0
14,train,25,Right-Thalamus,0.01528806613841057,1,0
14,train,26,Right-Caudate,4.487011224248511e-06,1,0
14,train,27,Right-Putamen,0.3098281792016629,1,0
14,train,28,Right-Pallidum,0.0,1,0
14,train,29,Right-Hippocampus,0.0,1,0
14,train,30,Right-Amygdala,0.0,1,0
14,train,31,Right-Accumbens-area,0.0,1,0
14,train,32,Right-VentralDC,0.0,1,0
14,train,33,Non-Brain-1,0.6971443498026254,1,0
14,train,34,Non-Brain-2,0.6873293326046948,1,0
14,train,35,Non-Brain-3,0.6719451321334537,1,0
14,train,36,Non-Brain-4,0.6918577769913538,1,0
14,train,37,Non-Brain-5,0.5696605810217547,1,0
14,train,38,Non-Brain-6,0.6054759035281092,1,0
14,eval,0,Unknown,0.9704148131298026,0,1
14,eval,1,Left-Cerebral-White-Matter,0.8480095544864262,1,0
14,eval,2,Left-Cerebral-Cortex,0.6515956994313491,1,0
14,eval,3,Left-Lateral-Ventricle,0.452723626584823,1,0
14,eval,4,Left-Inf-Lat-Vent,0.0,1,0
14,eval,5,Left-Cerebellum-White-Matter,0.3912093706378063,1,0
14,eval,6,Left-Cerebellum-Cortex,0.5209060527265349,1,0
14,eval,7,Left-Thalamus,0.0,1,0
14,eval,8,Left-Caudate,0.0,1,0
14,eval,9,Left-Putamen,0.0,1,0
14,eval,10,Left-Pallidum,0.0,1,0
14,eval,11,3rd-Ventricle,0.0,1,0
14,eval,12,4th-Ventricle,0.0,1,0
14,eval,13,Brain-Stem,0.44657269208890865,1,0
14,eval,14,Left-Hippocampus,0.0,1,0
14,eval,15,Left-Amygdala,0.0,1,0
14,eval,16,CSF,0.6061415771860834,1,0
14,eval,17,Left-Accumbens-area,0.0,1,0
14,eval,18,Left-VentralDC,0.0,1,0
14,eval,19,Right-Cerebral-White-Matter,0.8320759780527459,1,0
14,eval,20,Right-Cerebral-Cortex,0.6244828580742409,1,0
14,eval,21,Right-Lateral-Ventricle,0.0,1,0
14,eval,22,Right-Inf-Lat-Vent,0.0,1,0
14,eval,23,Right-Cerebellum-White-Matter,0.3696968291069635,1,0
14,eval,24,Right-Cerebellum-Cortex,0.6963597488683193,1,0
14,eval,25,Right-Thalamus,0.008912378879272896,1,0
14,eval,26,Right-Caudate,0.0,1,0
14,eval,27,Right-Putamen,0.3081981350558832,1,0
14,eval,28,Right-Pallidum,0.0,1,0
14,eval,29,Right-Hippocampus,0.0,1,0
14,eval,30,Right-Amygdala,0.0,1,0
14,eval,31,Right-Accumbens-area,0.0,1,0
14,eval,32,Right-VentralDC,0.0,1,0
14,eval,33,Non-Brain-1,0.5965990658804402,1,0
14,eval,34,Non-Brain-2,0.5796075639223965,1,0
14,eval,35,Non-Brain-3,0.5609867910198063,1,0
14,eval,36,Non-Brain-4,0.5325456450898771,1,0
14,eval,37,Non-Brain-5,0.5886655130820736,1,0
14,eval,38,Non-Brain-6,0.4973546972986587,1,0
15,train,0,Unknown,0.9760317082278668,0,1
15,train,1,Left-Cerebral-White-Matter,0.8478916051641859,1,0
15,train,2,Left-Cerebral-Cortex,0.693014031534211,1,0
15,train,3,Left-Lateral-Ventricle,0.3535694744027489,1,0
15,train,4,Left-Inf-Lat-Vent,0.0,1,0
15,train,5,Left-Cerebellum-White-Matter,0.48389011426392614,1,0
15,train,6,Left-Cerebellum-Cortex,0.6284446098215255,1,0
15,train,7,Left-Thalamus,0.0,1,0
15,train,8,Left-Caudate,0.0,1,0
15,train,9,Left-Putamen,0.0,1,0
15,train,10,Left-Pallidum,0.0,1,0
15,train,11,3rd-Ventricle,0.0,1,0
15,train,12,4th-Ventricle,0.0,1,0
15,train,13,Brain-Stem,0.5393648244717583,1,0
15,train,14,Left-Hippocampus,0.0,1,0
15,train,15,Left-Amygdala,0.0,1,0
15,train,16,CSF,0.6600682209012508,1,0
15,train,17,Left-Accumbens-area,0.0,1,0
15,train,18,Left-VentralDC,0.0,1,0
15,train,19,Right-Cerebral-White-Matter,0.8373990162972393,1,0
15,train,20,Right-Cerebral-Cortex,0.6830691887884481,1,0
15,train,21,Right-Lateral-Ventricle,0.0,1,0
15,train,22,Right-Inf-Lat-Vent,0.0,1,0
15,train,23,Right-Cerebellum-White-Matter,0.48605796813510327,1,0
15,train,24,Right-Cerebellum-Cortex,0.7527195312580726,1,0
15,train,25,Right-Thalamus,0.029390754158535898,1,0
15,train,26,Right-Caudate,3.140196307122099e-05,1,0
15,train,27,Right-Putamen,0.34521968055788305,1,0
15,train,28,Right-Pallidum,0.0,1,0
15,train,29,Right-Hippocampus,0.0,1,0
15,train,30,Right-Amygdala,0.0,1,0
15,train,31,Right-Accumbens-area,0.0,1,0
15,train,32,Right-VentralDC,0.0,1,0
15,train,33,Non-Brain-1,0.7030111194127561,1,0
15,train,34,Non-Brain-2,0.6919035302779911,1,0
15,train,35,Non-Brain-3,0.6768611418054171,1,0
15,train,36,Non-Brain-4,0.6955646251967436,1,0
15,train,37,Non-Brain-5,0.5752650864575639,1,0
15,train,38,Non-Brain-6,0.6155579091155612,1,0
15,eval,0,Unknown,0.9699648180817986,0,1
15,eval,1,Left-Cerebral-White-Matter,0.84941672860943,1,0
15,eval,2,Left-Cerebral-Cortex,0.6483719555006001,1,0
15,eval,3,Left-Lateral-Ventricle,0.47119360714181563,1,0
15,eval,4,Left-Inf-Lat-Vent,0.0,1,0
15,eval,5,Left-Cerebellum-White-Matter,0.41350521340198415,1,0
15,eval,6,Left-Cerebellum-Cortex,0.5302989321504598,1,0
15,eval,7,Left-Thalamus,0.0,1,0
15,eval,8,Left-Caudate,0.0,1,0
15,eval,9,Left-Putamen,0.0,1,0
15,eval,10,Left-Pallidum,0.0,1,0
15,eval,11,3rd-Ventricle,0.0,1,0
15,eval,12,4th-Ventricle,0.0,1,0
15,eval,13,Brain-Stem,0.4865657955002743,1,0
15,eval,14,Left-Hippocampus,0.0,1,0
15,eval,15,Left-Amygdala,0.0,1,0
15,eval,16,CSF,0.6087663644584385,1,0
15,eval,17,Left-Accumbens-area,0.0,1,0
15,eval,18,Left-VentralDC,0.0,1,0
15,eval,19,Right-Cerebral-White-Matter,0.833596105508753,1,0
15,eval,20,Right-Cerebral-Cortex,0.6225771504471296,1,0
15,eval,21,Right-Lateral-Ventricle,0.0,1,0
15,eval,22,Right-Inf-Lat-Vent,0.0,1,0
15,eval,23,Right-Cerebellum-White-Matter,0.40149051489608195,1,0
15,eval,24,Right-Cerebellum-Cortex,0.6972975868394803,1,0
15,eval,25,Right-Thalamus,0.01555979184834047,1,0
15,eval,26,Right-Caudate,0.0003122073056265839,1,0
15,eval,27,Right-Putamen,0.3740332559757331,1,0
15,eval,28,Right-Pallidum,0.0,1,0
15,eval,29,Right-Hippocampus,0.0,1,0
15,eval,30,Right-Amygdala,0.0,1,0
15,eval,31,Right-Accumbens-area,0.0,1,0
15,eval,32,Right-VentralDC,0.0,1,0
15,eval,33,Non-Brain-1,0.5944062757634881,1,0
15,eval,34,Non-Brain-2,0.5772925229459731,1,0
15,eval,35,Non-Brain-3,0.5587177536614988,1,0
15,eval,36,Non-Brain-4,0.5289233447811162,1,0
15,eval,37,Non-Brain-5,0.5944922362201508,1,0
15,eval,38,Non-Brain-6,0.5007862920949288,1,0
16,train,0,Unknown,0.9762161901816148,0,1
16,train,1,Left-Cerebral-White-Matter,0.8503301594719308,1,0
16,train,2,Left-Cerebral-Cortex,0.6975475608887007,1,0
16,train,3,Left-Lateral-Ventricle,0.36895899678975785,1,0
16,train,4,Left-Inf-Lat-Vent,0.0,1,0
16,train,5,Left-Cerebellum-White-Matter,0.49049154195821454,1,0
16,train,6,Left-Cerebellum-Cortex,0.6359792674981081,1,0
16,train,7,Left-Thalamus,0.0,1,0
16,train,8,Left-Caudate,0.0,1,0
16,train,9,Left-Putamen,0.0,1,0
16,train,10,Left-Pallidum,0.0,1,0
16,train,11,3rd-Ventricle,0.0,1,0
16,train,12,4th-Ventricle,0.0,1,0
16,train,13,Brain-Stem,0.5679612582513117,1,0
16,train,14,Left-Hippocampus,0.0,1,0
16,train,15,Left-Amygdala,0.0,1,0
16,train,16,CSF,0.6655366868254593,1,0
16,train,17,Left-Accumbens-area,0.0,1,0
16,train,18,Left-VentralDC,0.0,1,0
16,train,19,Right-Cerebral-White-Matter,0.8397683249891115,1,0
16,train,20,Right-Cerebral-Cortex,0.6872532952260888,1,0
16,train,21,Right-Lateral-Ventricle,0.0,1,0
16,train,22,Right-Inf-Lat-Vent,0.0,1,0
16,train,23,Right-Cerebellum-White-Matter,0.518212251045531,1,0
16,train,24,Right-Cerebellum-Cortex,0.760283640223334,1,0
16,train,25,Right-Thalamus,0.055016761531891285,1,0
16,train,26,Right-Caudate,0.0001659226307253601,1,0
16,train,27,Right-Putamen,0.37954808618144703,1,0
16,train,28,Right-Pallidum,0.0,1,0
16,train,29,Right-Hippocampus,0.0,1,0
16,train,30,Right-Amygdala,0.0,1,0
16,train,31,Right-Accumbens-area,0.0,1,0
16,train,32,Right-VentralDC,0.0,1,0
16,train,33,Non-Brain-1,0.7075748598390487,1,0
16,train,34,Non-Brain-2,0.6956673590681087,1,0
16,train,35,Non-Brain-3,0.6812316614716574,1,0
16,train,36,Non-Brain-4,0.6989320553285059,1,0
16,train,37,Non-Brain-5,0.5805538219119541,1,0
16,train,38,Non-Brain-6,0.6218816900305407,1,0
16,eval,0,Unknown,0.9703318863070132,0,1
16,eval,1,Left-Cerebral-White-Matter,0.8488271747543176,1,0
16,eval,2,Left-Cerebral-Cortex,0.6477858328746681,1,0
16,eval,3,Left-Lateral-Ventricle,0.45901773868650225,1,0
16,eval,4,Left-Inf-Lat-Vent,0.0,1,0
16,eval,5,Left-Cerebellum-White-Matter,0.45599357471963065,1,0
16,eval,6,Left-Cerebellum-Cortex,0.5203430164876435,1,0
16,eval,7,Left-Thalamus,0.0,1,0
16,eval,8,Left-Caudate,0.0,1,0
16,eval,9,Left-Putamen,0.0,1,0
16,eval,10,Left-Pallidum,0.0,1,0
16,eval,11,3rd-Ventricle,0.0,1,0
16,eval,12,4th-Ventricle,0.0,1,0
16,eval,13,Brain-Stem,0.5003014946372404,1,0
16,eval,14,Left-Hippocampus,0.0,1,0
16,eval,15,Left-Amygdala,0.0,1,0
16,eval,16,CSF,0.6134451511021315,1,0
16,eval,17,Left-Accumbens-area,0.0,1,0
16,eval,18,Left-VentralDC,0.0,1,0
16,eval,19,Right-Cerebral-White-Matter,0.8340654210996046,1,0
16,eval,20,Right-Cerebral-Cortex,0.6222673089090999,1,0
16,eval,21,Right-Lateral-Ventricle,0.0,1,0
16,eval,22,Right-Inf-Lat-Vent,0.0,1,0
16,eval,23,Right-Cerebellum-White-Matter,0.4698523466986543,1,0
16,eval,24,Right-Cerebellum-Cortex,0.7046363754032574,1,0
16,eval,25,Right-Thalamus,0.05746557019431955,1,0
16,eval,26,Right-Caudate,0.001403837154780546,1,0
16,eval,27,Right-Putamen,0.36270501894485024,1,0
16,eval,28,Right-Pallidum,0.0,1,0
16,eval,29,Right-Hippocampus,0.0,1,0
16,eval,30,Right-Amygdala,0.0,1,0
16,eval,31,Right-Accumbens-area,0.0,1,0
16,eval,32,Right-VentralDC,0.0,1,0
16,eval,33,Non-Brain-1,0.5971527656807886,1,0
16,eval,34,Non-Brain-2,0.580514678929697,1,0
16,eval,35,Non-Brain-3,0.5596004530380035,1,0
16,eval,36,Non-Brain-4,0.5368956781062506,1,0
16,eval,37,Non-Brain-5,0.5826082583104966,1,0
16,eval,38,Non-Brain-6,0.5038016041633167,1,0
17,train,0,Unknown,0.9763782782567825,0,1
17,train,1,Left-Cerebral-White-Matter,0.8523498909061188,1,0
17,train,2,Left-Cerebral-Cortex,0.7011498101378766,1,0
17,train,3,Left-Lateral-Ventricle,0.378396550242164,1,0
17,train,4,Left-Inf-Lat-Vent,0.0,1,0
17,train,5,Left-Cerebellum-White-Matter,0.5028139630239272,1,0
17,train,6,Left-Cerebellum-Cortex,0.641957493123603,1,0
17,train,7,Left-Thalamus,0.0,1,0
17,train,8,Left-Caudate,0.0,1,0
17,train,9,Left-Putamen,0.0,1,0
17,train,10,Left-Pallidum,0.0,1,0
17,train,11,3rd-Ventricle,0.0,1,0
17,train,12,4th-Ventricle,0.0,1,0
17,train,13,Brain-Stem,0.5860137002136105,1,0
17,train,14,Left-Hippocampus,0.0,1,0
17,train,15,Left-Amygdala,0.0,1,0
17,train,16,CSF,0.6699076794687331,1,0
17,train,17,Left-Accumbens-area,0.0,1,0
17,train,18,Left-VentralDC,0.0,1,0
17,train,19,Right-Cerebral-White-Matter,0.8419194769613261,1,0
17,train,20,Right-Cerebral-Cortex,0.690842833574007,1,0
17,train,21,Right-Lateral-Ventricle,0.0,1,0
17,train,22,Right-Inf-Lat-Vent,0.0,1,0
17,train,23,Right-Cerebellum-White-Matter,0.546550077257658,1,0
17,train,24,Right-Cerebellum-Cortex,0.7668871973444502,1,0
17,train,25,Right-Thalamus,0.08350507594826231,1,0
17,train,26,Right-Caudate,0.0005506262814359468,1,0
17,train,27,Right-Putamen,0.4041246943228708,1,0
17,train,28,Right-Pallidum,0.0,1,0
17,train,29,Right-Hippocampus,0.0,1,0
17,train,30,Right-Amygdala,0.0,1,0
17,train,31,Right-Accumbens-area,0.0,1,0
17,train,32,Right-VentralDC,0.0,1,0
17,train,33,Non-Brain-1,0.7110486979489069,1,0
17,train,34,Non-Brain-2,0.6983640100515204,1,0
17,train,35,Non-Brain-3,0.6842729523576606,1,0
17,train,36,Non-Brain-4,0.7019466360548715,1,0
17,train,37,Non-Brain-5,0.583558362854767,1,0
17,train,38,Non-Brain-6,0.6273404000996278,1,0
17,eval,0,Unknown,0.9689923189885825,0,1
17,eval,1,Left-Cerebral-White-Matter,0.8488855529470952,1,0
17,eval,2,Left-Cerebral-Cortex,0.6512818183187192,1,0
17,eval,3,Left-Lateral-Ventricle,0.47779137187512916,1,0
17,eval,4,Left-Inf-Lat-Vent,0.0,1,0
17,eval,5,Left-Cerebellum-White-Matter,0.4752485222918584,1,0
17,eval,6,Left-Cerebellum-Cortex,0.5422712846665253,1,0
17,eval,7,Left-Thalamus,0.0,1,0
17,eval,8,Left-Caudate,0.0,1,0
17,eval,9,Left-Putamen,0.0,1,0
17,eval,10,Left-Pallidum,0.0,1,0
17,eval,11,3rd-Ventricle,0.0,1,0
17,eval,12,4th-Ventricle,0.0,1,0
17,eval,13,Brain-Stem,0.5159962068212718,1,0
17,eval,14,Left-Hippocampus,0.0,1,0
17,eval,15,Left-Amygdala,0.0,1,0
17,eval,16,CSF,0.6153718547111535,1,0
17,eval,17,Left-Accumbens-area,0.0,1,0
17,eval,18,Left-VentralDC,0.0,1,0
17,eval,19,Right-Cerebral-White-Matter,0.8337854116637572,1,0
17,eval,20,Right-Cerebral-Cortex,0.6215361545942286,1,0
17,eval,21,Right-Lateral-Ventricle,0.0,1,0
17,eval,22,Right-Inf-Lat-Vent,0.0,1,0
17,eval,23,Right-Cerebellum-White-Matter,0.5056543143653438,1,0
17,eval,24,Right-Cerebellum-Cortex,0.7132582798928278,1,0
17,eval,25,Right-Thalamus,0.06653790439079971,1,0
17,eval,26,Right-Caudate,0.002026974350820381,1,0
17,eval,27,Right-Putamen,0.37345694069902624,1,0
17,eval,28,Right-Pallidum,0.0,1,0
17,eval,29,Right-Hippocampus,0.0,1,0
17,eval,30,Right-Amygdala,0.0,1,0
17,eval,31,Right-Accumbens-area,0.0,1,0
17,eval,32,Right-VentralDC,0.0,1,0
17,eval,33,Non-Brain-1,0.5868696647873614,1,0
17,eval,34,Non-Brain-2,0.5768012457705589,1,0
17,eval,35,Non-Brain-3,0.570041012794791,1,0
17,eval,36,Non-Brain-4,0.5358271800061452,1,0
17,eval,37,Non-Brain-5,0.5998752558346107,1,0
17,eval,38,Non-Brain-6,0.5129389312944469,1,0
18,train,0,Unknown,0.9765529853446209,0,1
18,train,1,Left-Cerebral-White-Matter,0.8540148880041559,1,0
18,train,2,Left-Cerebral-Cortex,0.7039872079118348,1,0
18,train,3,Left-Lateral-Ventricle,0.3825065859570007,1,0
18,train,4,Left-Inf-Lat-Vent,0.0,1,0
18,train,5,Left-Cerebellum-White-Matter,0.5050685425783202,1,0
18,train,6,Left-Cerebellum-Cortex,0.6454429969454792,1,0
18,train,7,Left-Thalamus,0.0,1,0
18,train,8,Left-Caudate,0.0,1,0
18,train,9,Left-Putamen,0.0,1,0
18,train,10,Left-Pallidum,0.0,1,0
18,train,11,3rd-Ventricle,0.0,1,0
18,train,12,4th-Ventricle,0.0,1,0
18,train,13,Brain-Stem,0.5953648898137468,1,0
18,train,14,Left-Hippocampus,0.0,1,0
18,train,15,Left-Amygdala,0.0,1,0
18,train,16,CSF,0.6732064304636669,1,0
18,train,17,Left-Accumbens-area,0.0,1,0
18,train,18,Left-VentralDC,0.0,1,0
18,train,19,Right-Cerebral-White-Matter,0.8435729120773299,1,0
18,train,20,Right-Cerebral-Cortex,0.6935908710876739,1,0
18,train,21,Right-Lateral-Ventricle,0.0,1,0
18,train,22,Right-Inf-Lat-Vent,0.0,1,0
18,train,23,Right-Cerebellum-White-Matter,0.5586957548935884,1,0
18,train,24,Right-Cerebellum-Cortex,0.771057374143061,1,0
18,train,25,Right-Thalamus,0.11403278057524131,1,0
18,train,26,Right-Caudate,0.0008773991382667396,1,0
18,train,27,Right-Putamen,0.41991344108301354,1,0
18,train,28,Right-Pallidum,0.0,1,0
18,train,29,Right-Hippocampus,0.0,1,0
18,train,30,Right-Amygdala,0.0,1,0
18,train,31,Right-Accumbens-area,0.0,1,0
18,train,32,Right-VentralDC,0.0,1,0
18,train,33,Non-Brain-1,0.7143306468512406,1,0
18,train,34,Non-Brain-2,0.7005447651006018,1,0
18,train,35,Non-Brain-3,0.6868349576822687,1,0
18,train,36,Non-Brain-4,0.7033450577217114,1,0
18,train,37,Non-Brain-5,0.5875717073040707,1,0
18,train,38,Non-Brain-6,0.6311543735254167,1,0
18,eval,0,Unknown,0.969730460046623,0,1
18,eval,1,Left-Cerebral-White-Matter,0.8515768386447126,1,0
18,eval,2,Left-Cerebral-Cortex,0.6532706594904728,1,0
18,eval,3,Left-Lateral-Ventricle,0.4899079436303838,1,0
18,eval,4,Left-Inf-Lat-Vent,0.0,1,0
18,eval,5,Left-Cerebellum-White-Matter,0.45411349442617915,1,0
18,eval,6,Left-Cerebellum-Cortex,0.5385324051583406,1,0
18,eval,7,Left-Thalamus,0.0,1,0
18,eval,8,Left-Caudate,0.0,1,0
18,eval,9,Left-Putamen,0.0,1,0
18,eval,10,Left-Pallidum,0.0,1,0
18,eval,11,3rd-Ventricle,0.0,1,0
18,eval,12,4th-Ventricle,0.0,1,0
18,eval,13,Brain-Stem,0.5171919949125495,1,0
18,eval,14,Left-Hippocampus,0.0,1,0
18,eval,15,Left-Amygdala,0.0,1,0
18,eval,16,CSF,0.6171215778424656,1,0
18,eval,17,Left-Accumbens-area,0.0,1,0
18,eval,18,Left-VentralDC,0.0,1,0
18,eval,19,Right-Cerebral-White-Matter,0.8358796411037559,1,0
18,eval,20,Right-Cerebral-Cortex,0.6275497519935463,1,0
18,eval,21,Right-Lateral-Ventricle,0.0,1,0
18,eval,22,Right-Inf-Lat-Vent,0.0,1,0
18,eval,23,Right-Cerebellum-White-Matter,0.49048255133389373,1,0
18,eval,24,Right-Cerebellum-Cortex,0.7109148003677772,1,0
18,eval,25,Right-Thalamus,0.06910370442434251,1,0
18,eval,26,Right-Caudate,0.002337905236725537,1,0
18,eval,27,Right-Putamen,0.3773167091716499,1,0
18,eval,28,Right-Pallidum,0.0,1,0
18,eval,29,Right-Hippocampus,0.0,1,0
18,eval,30,Right-Amygdala,0.0,1,0
18,eval,31,Right-Accumbens-area,0.0,1,0
18,eval,32,Right-VentralDC,0.0,1,0
18,eval,33,Non-Brain-1,0.5943613168998145,1,0
18,eval,34,Non-Brain-2,0.5834722835699815,1,0
18,eval,35,Non-Brain-3,0.5715970330355296,1,0
18,eval,36,Non-Brain-4,0.5427415685953683,1,0
18,eval,37,Non-Brain-5,0.5911117009733913,1,0
18,eval,38,Non-Brain-6,0.5096447232264995,1,0
19,train,0,Unknown,0.9765817324542196,0,1
19,train,1,Left-Cerebral-White-Matter,0.8544273758278711,1,0
19,train,2,Left-Cerebral-Cortex,0.7044895046218481,1,0
19,train,3,Left-Lateral-Ventricle,0.39162463793371083,1,0
19,train,4,Left-Inf-Lat-Vent,0.0,1,0
19,train,5,Left-Cerebellum-White-Matter,0.5091433097656456,1,0
19,train,6,Left-Cerebellum-Cortex,0.6481945337584436,1,0
19,train,7,Left-Thalamus,2.7313076135162424e-06,1,0
19,train,8,Left-Caudate,0.0,1,0
19,train,9,Left-Putamen,0.0,1,0
19,train,10,Left-Pallidum,0.0,1,0
19,train,11,3rd-Ventricle,0.0,1,0
19,train,12,4th-Ventricle,0.0,1,0
19,train,13,Brain-Stem,0.5991624531544235,1,0
19,train,14,Left-Hippocampus,0.0,1,0
19,train,15,Left-Amygdala,0.0,1,0
19,train,16,CSF,0.6744296639655774,1,0
19,train,17,Left-Accumbens-area,0.0,1,0
19,train,18,Left-VentralDC,0.0,1,0
19,train,19,Right-Cerebral-White-Matter,0.8440173878566675,1,0
19,train,20,Right-Cerebral-Cortex,0.6942875331761499,1,0
19,train,21,Right-Lateral-Ventricle,0.0,1,0
19,train,22,Right-Inf-Lat-Vent,0.0,1,0
19,train,23,Right-Cerebellum-White-Matter,0.5705888688640001,1,0
19,train,24,Right-Cerebellum-Cortex,0.773389972580614,1,0
19,train,25,Right-Thalamus,0.12146985896159285,1,0
19,train,26,Right-Caudate,0.0012579461008119393,1,0
19,train,27,Right-Putamen,0.42359525714254004,1,0
19,train,28,Right-Pallidum,0.0,1,0
19,train,29,Right-Hippocampus,0.0,1,0
19,train,30,Right-Amygdala,0.0,1,0
19,train,31,Right-Accumbens-area,0.0,1,0
19,train,32,Right-VentralDC,0.0,1,0
19,train,33,Non-Brain-1,0.7154094205496202,1,0
19,train,34,Non-Brain-2,0.7014048907597202,1,0
19,train,35,Non-Brain-3,0.6877899133142351,1,0
19,train,36,Non-Brain-4,0.7043037289661527,1,0
19,train,37,Non-Brain-5,0.58805549373097,1,0
19,train,38,Non-Brain-6,0.6321856801051697,1,0
19,eval,0,Unknown,0.9697317935193498,0,1
19,eval,1,Left-Cerebral-White-Matter,0.8514438064894694,1,0
19,eval,2,Left-Cerebral-Cortex,0.6551431111969135,1,0
19,eval,3,Left-Lateral-Ventricle,0.4833335552798161,1,0
19,eval,4,Left-Inf-Lat-Vent,0.0,1,0
19,eval,5,Left-Cerebellum-White-Matter,0.455316819480373,1,0
19,eval,6,Left-Cerebellum-Cortex,0.5454464766122171,1,0
19,eval,7,Left-Thalamus,0.0,1,0
19,eval,8,Left-Caudate,0.0,1,0
19,eval,9,Left-Putamen,0.0,1,0
19,eval,10,Left-Pallidum,0.0,1,0
19,eval,11,3rd-Ventricle,0.0,1,0
19,eval,12,4th-Ventricle,0.0,1,0
19,eval,13,Brain-Stem,0.5189415145682462,1,0
19,eval,14,Left-Hippocampus,0.0,1,0
19,eval,15,Left-Amygdala,0.0,1,0
19,eval,16,CSF,0.6167931155860837,1,0
19,eval,17,Left-Accumbens-area,0.0,1,0
19,eval,18,Left-VentralDC,0.0,1,0
19,eval,19,Right-Cerebral-White-Matter,0.8356048135270183,1,0
19,eval,20,Right-Cerebral-Cortex,0.6261226189279585,1,0
19,eval,21,Right-Lateral-Ventricle,0.0,1,0
19,eval,22,Right-Inf-Lat-Vent,0.0,1,0
19,eval,23,Right-Cerebellum-White-Matter,0.4937835252922412,1,0
19,eval,24,Right-Cerebellum-Cortex,0.7109617552035253,1,0
19,eval,25,Right-Thalamus,0.07193264223137526,1,0
19,eval,26,Right-Caudate,0.0024926000932783453,1,0
19,eval,27,Right-Putamen,0.37706086376314624,1,0
19,eval,28,Right-Pallidum,0.0,1,0
19,eval,29,Right-Hippocampus,0.0,1,0
19,eval,30,Right-Amygdala,0.0,1,0
19,eval,31,Right-Accumbens-area,0.0,1,0
19,eval,32,Right-VentralDC,0.0,1,0
19,eval,33,Non-Brain-1,0.5918364144740353,1,0
19,eval,34,Non-Brain-2,0.5815664709636148,1,0
19,eval,35,Non-Brain-3,0.5661604416835299,1,0
19,eval,36,Non-Brain-4,0.5415742449468405,1,0
19,eval,37,Non-Brain-5,0.5931499408920485,1,0
19,eval,38,Non-Brain-6,0.5175649842317488,1,0
20,train,0,Unknown,0.976632342671665,0,1
20,train,1,Left-Cerebral-White-Matter,0.8547540047810593,1,0
20,train,2,Left-Cerebral-Cortex,0.7051038680784675,1,0
20,train,3,Left-Lateral-Ventricle,0.3877130345897526,1,0
20,train,4,Left-Inf-Lat-Vent,0.0,1,0
20,train,5,Left-Cerebellum-White-Matter,0.509036147909608,1,0
20,train,6,Left-Cerebellum-Cortex,0.6486432630884251,1,0
20,train,7,Left-Thalamus,2.7350539557731723e-06,1,0
20,train,8,Left-Caudate,0.0,1,0
20,train,9,Left-Putamen,0.0,1,0
20,train,10,Left-Pallidum,0.0,1,0
20,train,11,3rd-Ventricle,0.0,1,0
20,train,12,4th-Ventricle,0.0,1,0
20,train,13,Brain-Stem,0.6010465370628951,1,0
20,train,14,Left-Hippocampus,0.0,1,0
20,train,15,Left-Amygdala,0.0,1,0
20,train,16,CSF,0.6750695231898247,1,0
20,train,17,Left-Accumbens-area,0.0,1,0
20,train,18,Left-VentralDC,0.0,1,0
20,train,19,Right-Cerebral-White-Matter,0.8443258480922383,1,0
20,train,20,Right-Cerebral-Cortex,0.6947222642947634,1,0
20,train,21,Right-Lateral-Ventricle,0.0,1,0
20,train,22,Right-Inf-Lat-Vent,0.0,1,0
20,train,23,Right-Cerebellum-White-Matter,0.5687812635849951,1,0
20,train,24,Right-Cerebellum-Cortex,0.7735685822317144,1,0
20,train,25,Right-Thalamus,0.1256474397403949,1,0
20,train,26,Right-Caudate,0.0013360263080586686,1,0
20,train,27,Right-Putamen,0.4238481204393731,1,0
20,train,28,Right-Pallidum,0.0,1,0
20,train,29,Right-Hippocampus,0.0,1,0
20,train,30,Right-Amygdala,0.0,1,0
20,train,31,Right-Accumbens-area,0.0,1,0
20,train,32,Right-VentralDC,0.0,1,0
20,train,33,Non-Brain-1,0.7160737435776754,1,0
20,train,34,Non-Brain-2,0.7016182201687928,1,0
20,train,35,Non-Brain-3,0.688325625055806,1,0
20,train,36,Non-Brain-4,0.7045141332947108,1,0
20,train,37,Non-Brain-5,0.5883002781786607,1,0
20,train,38,Non-Brain-6,0.6331892614298626,1,0
20,eval,0,Unknown,0.9696855319735418,0,1
20,eval,1,Left-Cerebral-White-Matter,0.851938327314463,1,0
20,eval,2,Left-Cerebral-Cortex,0.6553396706329077,1,0
20,eval,3,Left-Lateral-Ventricle,0.4833233791162875,1,0
20,eval,4,Left-Inf-Lat-Vent,0.0,1,0
20,eval,5,Left-Cerebellum-White-Matter,0.4505672609323455,1,0
20,eval,6,Left-Cerebellum-Cortex,0.5427743853814504,1,0
20,eval,7,Left-Thalamus,0.0,1,0
20,eval,8,Left-Caudate,0.0,1,0
20,eval,9,Left-Putamen,0.0,1,0
20,eval,10,Left-Pallidum,0.0,1,0
20,eval,11,3rd-Ventricle,0.0,1,0
20,eval,12,4th-Ventricle,0.0,1,0
20,eval,13,Brain-Stem,0.5195741885848888,1,0
20,eval,14,Left-Hippocampus,0.0,1,0
20,eval,15,Left-Amygdala,0.0,1,0
20,eval,16,CSF,0.616640307401804,1,0
20,eval,17,Left-Accumbens-area,0.0,1,0
20,eval,18,Left-VentralDC,0.0,1,0
20,eval,19,Right-Cerebral-White-Matter,0.8360620240624769,1,0
20,eval,20,Right-Cerebral-Cortex,0.6278127861380957,1,0
20,eval,21,Right-Lateral-Ventricle,0.0,1,0
20,eval,22,Right-Inf-Lat-Vent,0.0,1,0
20,eval,23,Right-Cerebellum-White-Matter,0.4929782889425141,1,0
20,eval,24,Right-Cerebellum-Cortex,0.7100792751932845,1,0
20,eval,25,Right-Thalamus,0.07928450567661181,1,0
20,eval,26,Right-Caudate,0.002492988469734108,1,0
20,eval,27,Right-Putamen,0.38036926288004325,1,0
20,eval,28,Right-Pallidum,0.0,1,0
20,eval,29,Right-Hippocampus,0.0,1,0
20,eval,30,Right-Amygdala,0.0,1,0
20,eval,31,Right-Accumbens-area,0.0,1,0
20,eval,32,Right-VentralDC,0.0,1,0
20,eval,33,Non-Brain-1,0.5929398555509269,1,0
20,eval,34,Non-Brain-2,0.5824116913189188,1,0
20,eval,35,Non-Brain-3,0.5655476914561455,1,0
20,eval,36,Non-Brain-4,0.5405767050949704,1,0
20,eval,37,Non-Brain-5,0.592436249943462,1,0
20,eval,38,Non-Brain-6,0.517848022592207,1,0
